,ID,Fullname,Park Code,URL,State,Lat & long,Types of Activities
0,77E0D7F0-1942-494A-ACE2-9004D2BDC59E,Abraham Lincoln Birthplace National Historical Park,abli,https://www.nps.gov/abli/index.htm,KY,"lat:37.5858662, long:-85.67330523",14
1,6DA17C86-088E-4B4D-B862-7C1BD5CF236B,Acadia National Park,acad,https://www.nps.gov/acad/index.htm,ME,"lat:44.409286, long:-68.247501",46
2,E4C7784E-66A0-4D44-87D0-3E072F5FEF43,Adams National Historical Park,adam,https://www.nps.gov/adam/index.htm,MA,"lat:42.2553961, long:-71.01160356",6
3,1A47416F-DAA3-4137-9F30-14AF86B4E547,African American Civil War Memorial,afam,https://www.nps.gov/afam/index.htm,DC,"lat:38.9166, long:-77.026",2
4,E6E1D22A-7A89-47F8-813C-B611059A8CF9,African Burial Ground National Monument,afbg,https://www.nps.gov/afbg/index.htm,NY,"lat:40.71452681, long:-74.00447358",7
5,64B9F127-31ED-43C9-882D-D7CD471AF314,Agate Fossil Beds National Monument,agfo,https://www.nps.gov/agfo/index.htm,NE,"lat:42.42170419, long:-103.753886",16
6,3B8307B3-54AB-4E5F-ACBC-8DECB98AD5F1,Ala Kahakai National Historic Trail,alka,https://www.nps.gov/alka/index.htm,HI,"lat:19.144668109, long:-155.890734294",43
7,C4E1A9A4-D121-4734-94FA-7788A93C2AAA,Alagnak Wild River,alag,https://www.nps.gov/alag/index.htm,AK,"lat:59.05180188, long:-156.112002",12
8,7D6098F9-3F75-4775-A56D-CD9C7F9A9488,Alaska Public Lands,anch,https://www.nps.gov/anch/index.htm,AK,"lat:61.2188, long:-149.894536",0
9,C08AD828-98FF-478E-A63C-614E7534274B,Alcatraz Island,alca,https://www.nps.gov/alca/index.htm,CA,"lat:37.82676234, long:-122.4230206",5
10,94B046DC-2AFD-4ECB-A60D-CE210A8550B1,Aleutian Islands World War II National Historic Area,aleu,https://www.nps.gov/aleu/index.htm,AK,"lat:53.9143, long:-166.5197",7
11,6D82D070-995A-4524-A56E-C1CE182E7D9B,Alibates Flint Quarries National Monument,alfl,https://www.nps.gov/alfl/index.htm,TX,"lat:35.5819662, long:-101.6717008",7
12,3350C18C-8E07-487B-930E-37AD873D31AD,Allegheny Portage Railroad National Historic Site,alpo,https://www.nps.gov/alpo/index.htm,PA,"lat:40.42977467, long:-78.57431622",16
13,D35004EF-5F5A-4DA4-8716-5141BE5C933C,Amache National Historic Site,amch,https://www.nps.gov/amch/index.htm,CO,"lat:38.04962, long:-102.32903",0
14,A0B4CA5E-608A-4DF2-8EFB-E2E4619EA243,American Memorial Park,amme,https://www.nps.gov/amme/index.htm,MP,"lat:15.21680033, long:145.7231096",22
15,34CB30BA-8A5F-4563-AA34-6633708DD9DC,Amistad National Recreation Area,amis,https://www.nps.gov/amis/index.htm,TX,"lat:29.53539777, long:-101.075821",23
16,9463E25C-7342-4A34-9537-4A6DA74B2B06,Anacostia Park,anac,https://www.nps.gov/anac/index.htm,DC,"lat:38.8782, long:-76.9703",15
17,00E65872-53F7-4C9B-BD29-B9BC99930D0D,Andersonville National Historic Site,ande,https://www.nps.gov/ande/index.htm,GA,"lat:32.19831758, long:-84.12988898",19
18,2ED6E071-57AA-4B08-8DDA-5CB09FBB75C8,Andrew Johnson National Historic Site,anjo,https://www.nps.gov/anjo/index.htm,TN,"lat:36.15624509, long:-82.83709021",5
19,7FF37F14-88C8-469E-A447-ACE6D9AF44D2,Aniakchak National Monument & Preserve,ania,https://www.nps.gov/ania/index.htm,AK,"lat:56.85317675, long:-157.5544362",11
20,8415526C-C932-4236-A634-2D89DF718936,Antietam National Battlefield,anti,https://www.nps.gov/anti/index.htm,MD,"lat:39.46763452, long:-77.73828017",17
21,D84122DD-1B0E-4D13-927C-5D6D2A0D200E,Apostle Islands National Lakeshore,apis,https://www.nps.gov/apis/index.htm,WI,"lat:46.96240467, long:-90.66045665",29
22,FAEF5684-83A4-4CF2-A701-60CF8D4014BD,Appalachian National Scenic Trail,appa,https://www.nps.gov/appa/index.htm,"CT,GA,MA,MD,ME,NC,NH,NJ,NY,PA,TN,VA,VT,WV","lat:40.41029575, long:-76.4337548",18
23,16CCCC56-1DC1-47D6-AE91-E939955BFC53,Appomattox Court House National Historical Park,apco,https://www.nps.gov/apco/index.htm,VA,"lat:37.38022164, long:-78.79856982",26
24,36240051-018E-4915-B6EA-3F1A7F24FBE4,Arches National Park,arch,https://www.nps.gov/arch/index.htm,UT,"lat:38.72261844, long:-109.5863666",18
25,6876F4F4-9B8F-4648-89EA-C1BBF770C494,Arkansas Post National Memorial,arpo,https://www.nps.gov/arpo/index.htm,AR,"lat:34.00389998, long:-91.30837178",25
26,E84B1E08-CCE8-4FFF-8DB6-B92F40953225,"Arlington House, The Robert E. Lee Memorial",arho,https://www.nps.gov/arho/index.htm,VA,"lat:38.8822021484, long:-77.0734786987",3
27,307BE169-345D-472C-8128-20F1D59864A7,Assateague Island National Seashore,asis,https://www.nps.gov/asis/index.htm,"MD,VA","lat:38.05593172, long:-75.24524611",41
28,CD54150B-24F6-4B96-8D6F-B23AF92A70F2,Aztec Ruins National Monument,azru,https://www.nps.gov/azru/index.htm,NM,"lat:36.83682216, long:-107.9999245",11
29,B170CCF7-7AB9-48FF-950E-31815FD4DBB2,Badlands National Park,badl,https://www.nps.gov/badl/index.htm,SD,"lat:43.68584846, long:-102.482942",21
30,A21F01BC-9E47-4DBE-8655-A1651FC2C1B1,Baltimore-Washington Parkway,bawa,https://www.nps.gov/bawa/index.htm,MD,"lat:39.02604289, long:-76.85410921",2
31,E28CA30C-2D81-4394-81E9-67677C412115,Bandelier National Monument,band,https://www.nps.gov/band/index.htm,NM,"lat:35.77898596, long:-106.3317124",28
32,E7E4E103-5FA9-45AC-8843-05DE554CDBB7,Belmont-Paul Women's Equality National Monument,bepa,https://www.nps.gov/bepa/index.htm,DC,"lat:38.89231541, long:-77.00381882",8
33,87F9EFC7-1951-4250-A367-644EC5C4E6A2,Bent's Old Fort National Historic Site,beol,https://www.nps.gov/beol/index.htm,CO,"lat:38.03977546, long:-103.4266499",27
34,EE1F4878-00FB-4760-A77F-EA76DB8DEFD9,Bering Land Bridge National Preserve,bela,https://www.nps.gov/bela/index.htm,AK,"lat:65.96087902, long:-164.4086432",13
35,C9056F71-7162-4208-8AE9-2D0AEFA594FD,Big Bend National Park,bibe,https://www.nps.gov/bibe/index.htm,TX,"lat:29.29817767, long:-103.2297897",22
36,E0F4D5E3-3E4A-4345-B86A-1B0CAD7461F1,Big Cypress National Preserve,bicy,https://www.nps.gov/bicy/index.htm,FL,"lat:25.97079602, long:-81.08120629",36
37,3262234F-A56A-447D-AE6C-F5C734ABD3A4,Big Hole National Battlefield,biho,https://www.nps.gov/biho/index.htm,MT,"lat:45.64647324, long:-113.6458443",21
38,61EC5C9A-1A38-4040-AE38-E62FD2A9A836,Big South Fork National River & Recreation Area,biso,https://www.nps.gov/biso/index.htm,"KY,TN","lat:36.5348388, long:-84.66506688",31
39,3AA12AD8-4FEB-491D-AEB2-CC0F74CD00E0,Big Thicket National Preserve,bith,https://www.nps.gov/bith/index.htm,TX,"lat:30.457983431, long:-94.386742115",22
40,7568A0D8-73B1-44E6-82C7-E10BA1872209,Bighorn Canyon National Recreation Area,bica,https://www.nps.gov/bica/index.htm,"MT,WY","lat:45.13154227, long:-108.1443943",48
41,99907F85-7E09-40FE-BF5E-A9AB7F09A7E2,Birmingham Civil Rights National Monument,bicr,https://www.nps.gov/bicr/index.htm,AL,"lat:33.5154266357, long:-86.814666748",3
42,FBF9F793-5114-4B61-A5BA-6F9ADDFDF459,Biscayne National Park,bisc,https://www.nps.gov/bisc/index.htm,FL,"lat:25.490587, long:-80.21023851",24
43,BDBD573F-97EF-44E7-A579-471679F2C42A,Black Canyon Of The Gunnison National Park,blca,https://www.nps.gov/blca/index.htm,CO,"lat:38.57779869, long:-107.7242756",13
44,A36366E7-5663-4531-B0CE-D58928C6D01B,Blackstone River Valley National Historical Park,blrv,https://www.nps.gov/blrv/index.htm,"RI,MA","lat:41.8775792792, long:-71.382433945",18
45,712044CE-4C85-48C2-813E-310A9C6C74E1,Blue Ridge Parkway,blri,https://www.nps.gov/blri/index.htm,"NC,VA","lat:35.5657195274, long:-82.486484587",19
46,14025CA9-91DE-4D36-B4CA-9880463C3BC2,Bluestone National Scenic River,blue,https://www.nps.gov/blue/index.htm,WV,"lat:37.56577087, long:-80.98366657",15
47,6278FE68-139E-4758-A6DE-9A0437F777B5,Booker T Washington National Monument,bowa,https://www.nps.gov/bowa/index.htm,VA,"lat:37.11520539, long:-79.73185833",14
48,87F00684-8E1F-4E12-B463-2B5B929A0C74,Boston African American National Historic Site,boaf,https://www.nps.gov/boaf/index.htm,MA,"lat:42.35908295, long:-71.06764181",3
49,65E0DF4A-4082-4B48-93BD-5021987CDD7A,Boston Harbor Islands National Recreation Area,boha,https://www.nps.gov/boha/index.htm,MA,"lat:42.30905526, long:-70.93941138",20
50,81F81EBD-0FE7-4811-88EF-AB071E737D97,Boston National Historical Park,bost,https://www.nps.gov/bost/index.htm,MA,"lat:42.36957407, long:-71.05536763",4
51,F6555AB7-654F-4418-8827-F91F54536C04,Brices Cross Roads National Battlefield Site,brcr,https://www.nps.gov/brcr/index.htm,MS,"lat:34.50611958, long:-88.72889343",3
52,E2F59F29-1F3A-43B9-A361-7E74E5FDDEB1,Brown v. Board of Education National Historical Park,brvb,https://www.nps.gov/brvb/index.htm,KS,"lat:39.03787665, long:-95.67614437",4
53,6B1D053D-714F-46D1-B410-04BE868F14C1,Bryce Canyon National Park,brca,https://www.nps.gov/brca/index.htm,UT,"lat:37.58399144, long:-112.1826689",27
54,1172F473-8129-42CA-9A47-C9D0AC5CAF66,Buck Island Reef National Monument,buis,https://www.nps.gov/buis/index.htm,VI,"lat:17.81026717, long:-64.6222179",11
55,DBD2FCBF-D0DD-4262-A04E-93090888F0F5,Buffalo National River,buff,https://www.nps.gov/buff/index.htm,AR,"lat:36.04116481, long:-92.90761584",15
56,2DB09FB7-0408-44C9-8083-8F50039BD6DA,Cabrillo National Monument,cabr,https://www.nps.gov/cabr/index.htm,CA,"lat:32.6722503, long:-117.2415985",15
57,B39C368F-CB27-49EC-B2A9-E6C1552430FB,California National Historic Trail,cali,https://www.nps.gov/cali/index.htm,"CA,CO,ID,KS,MO,NE,NV,OR,UT,WY","lat:42.3999643979, long:-108.702415369",8
58,2FB7A664-0F66-49A3-9460-194F4073BA3F,Camp Nelson National Monument,cane,https://www.nps.gov/cane/index.htm,KY,"lat:37.7970179913, long:-84.598168306",5
59,FFD294C0-8027-42EC-B395-9C3BF2B80F49,Canaveral National Seashore,cana,https://www.nps.gov/cana/index.htm,FL,"lat:28.78637529, long:-80.75419576",21
60,55ABA58B-B19E-4851-BDE1-1C0712B2BE2C,Cane River Creole National Historical Park,cari,https://www.nps.gov/cari/index.htm,LA,"lat:31.65408447, long:-93.00131977",6
61,869BAD2B-C46F-4FEB-891B-EBA119B64B48,Canyon de Chelly National Monument,cach,https://www.nps.gov/cach/index.htm,AZ,"lat:36.14319567, long:-109.3388303",8
62,319E07D8-E176-41F8-98A9-1E3F8099D0AB,Canyonlands National Park,cany,https://www.nps.gov/cany/index.htm,UT,"lat:38.24555783, long:-109.8801624",22
63,DE0A8012-5324-4F5C-98DA-0EE6589FDFB3,Cape Cod National Seashore,caco,https://www.nps.gov/caco/index.htm,MA,"lat:41.92381465, long:-70.04319832",33
64,7B9F59AE-D223-4A99-B6DF-A418D876DD82,Cape Hatteras National Seashore,caha,https://www.nps.gov/caha/index.htm,NC,"lat:35.41370839, long:-75.65061112",28
65,3A2AEA7C-8896-4445-9763-932B4A74CF34,Cape Henry Memorial Part of Colonial National Historical Park,came,https://www.nps.gov/came/index.htm,VA,"lat:36.9278094, long:-76.0088219",2
66,77566B98-D9CC-40FB-AA6E-FAA0F56E2059,Cape Krusenstern National Monument,cakr,https://www.nps.gov/cakr/index.htm,AK,"lat:67.41499986, long:-163.5037786",14
67,3BA4ACE6-0FFE-4B56-8C07-B3F05DC304DB,Cape Lookout National Seashore,calo,https://www.nps.gov/calo/index.htm,NC,"lat:34.8267961, long:-76.34319082",21
68,96DC2172-0201-4ABB-BD77-2687F4726C9B,Capitol Hill Parks,cahi,https://www.nps.gov/cahi/index.htm,DC,"lat:38.889993, long:-76.990332",10
69,2F05E2B8-CDA3-434E-9C4C-C7DD828CAC3B,Capitol Reef National Park,care,https://www.nps.gov/care/index.htm,UT,"lat:38.2821653131, long:-111.247048378",42
70,481CEBB8-1942-4FAE-8D89-9902E7B9EECA,Captain John Smith Chesapeake National Historic Trail,cajo,https://www.nps.gov/cajo/index.htm,"VA,MD,DE,DC,PA,NY","lat:38.971601, long:-76.483355",24
71,93BB79F9-D700-4202-B21C-B2354617A729,Capulin Volcano National Monument,cavo,https://www.nps.gov/cavo/index.htm,NM,"lat:36.78171096, long:-103.9710427",13
72,6E9B2F16-4CFE-49B2-A95E-87E4F02E79FF,Carl Sandburg Home National Historic Site,carl,https://www.nps.gov/carl/index.htm,NC,"lat:35.26815509, long:-82.45106258",3
73,6FDE39B1-AB4A-4C9A-A5CD-4AF67601CD78,Carlsbad Caverns National Park,cave,https://www.nps.gov/cave/index.htm,NM,"lat:32.14089463, long:-104.5529688",17
74,D040C2B5-BFCD-4DED-AADC-BA28E29CC560,Carter G. Woodson Home National Historic Site,cawo,https://www.nps.gov/cawo/index.htm,DC,"lat:38.91089286, long:-77.02431104",7
75,FF6B2CDF-10F5-4A7F-9437-74C1E7104C65,Casa Grande Ruins National Monument,cagr,https://www.nps.gov/cagr/index.htm,AZ,"lat:32.99702582, long:-111.5325383",12
76,E455313B-782A-4CDC-A6A5-8B506FA3A4C1,Castillo de San Marcos National Monument,casa,https://www.nps.gov/casa/index.htm,FL,"lat:29.89785701, long:-81.31217173",4
77,061F7BA2-8C57-4471-A31E-302AD99E3F6A,Castle Clinton National Monument,cacl,https://www.nps.gov/cacl/index.htm,NY,"lat:40.70347795, long:-74.01680558",5
78,872417E6-2F91-4FDA-89A7-865B51B22332,Castle Mountains National Monument,camo,https://www.nps.gov/camo/index.htm,CA,"lat:35.29156348, long:-115.0935606",4
79,2977669B-4B2E-4044-B2CC-701D9521E4AC,Catoctin Mountain Park,cato,https://www.nps.gov/cato/index.htm,MD,"lat:39.65068457, long:-77.46417665",21
80,DFC1B0DB-832E-4C21-9CB9-79FB726B97D5,Cedar Breaks National Monument,cebr,https://www.nps.gov/cebr/index.htm,UT,"lat:37.63545562, long:-112.845268",19
81,387A28F2-022F-4C06-A486-E9E7777B12C2,Cedar Creek & Belle Grove National Historical Park,cebe,https://www.nps.gov/cebe/index.htm,VA,"lat:39.0093576, long:-78.30618934",14
82,9C730246-CCB2-496F-AD0E-1D31D76C4C45,Chaco Culture National Historical Park,chcu,https://www.nps.gov/chcu/index.htm,NM,"lat:36.03963414, long:-107.9560076",4
83,EA328EBD-71CC-49B9-8F64-97C8A188BCA4,Chamizal National Memorial,cham,https://www.nps.gov/cham/index.htm,TX,"lat:31.76729634, long:-106.4544011",19
84,5595FC7A-F218-4439-8D2E-F47449838820,Channel Islands National Park,chis,https://www.nps.gov/chis/index.htm,CA,"lat:33.98680093, long:-119.9112735",39
85,08EFF7E4-0FE4-4402-B23A-124EB8AAC249,Charles Pinckney National Historic Site,chpi,https://www.nps.gov/chpi/index.htm,SC,"lat:32.84577392, long:-79.82487582",16
86,22177869-21C7-49A1-961C-3F2114F01007,Charles Young Buffalo Soldiers National Monument,chyo,https://www.nps.gov/chyo/index.htm,OH,"lat:39.70817829, long:-83.89328575",7
87,021F297B-D672-4794-8C5E-BB58743F252A,Chattahoochee River National Recreation Area,chat,https://www.nps.gov/chat/index.htm,GA,"lat:33.99698333, long:-84.28953177",18
88,9192FFEE-4D88-4A03-A054-F47C33F0C3E9,Chesapeake & Ohio Canal National Historical Park,choh,https://www.nps.gov/choh/index.htm,"DC,MD,WV","lat:39.000283692, long:-77.2481399539",24
89,25554F74-A4AB-4C49-9071-341F00F0DAB8,Chesapeake Bay,cbpo,https://www.nps.gov/cbpo/index.htm,"DC,DE,MD,NY,PA,VA,WV","lat:38.971601, long:-76.483355",7
90,FD536267-125D-4CEB-8978-2B2767C3B2FF,Chickamauga & Chattanooga National Military Park,chch,https://www.nps.gov/chch/index.htm,"GA,TN","lat:34.94317623, long:-85.28749537",26
91,16809469-7649-4DFA-9C76-57F2B9946DDC,Chickasaw National Recreation Area,chic,https://www.nps.gov/chic/index.htm,OK,"lat:34.46050507, long:-97.00715669",36
92,E98D419A-A118-49D5-89AF-3C4F9BE7372D,Chiricahua National Monument,chir,https://www.nps.gov/chir/index.htm,AZ,"lat:32.01214618, long:-109.341607",12
93,A6290572-1871-4285-90F5-7C313FE2583E,Christiansted National Historic Site,chri,https://www.nps.gov/chri/index.htm,VI,"lat:17.73771903, long:-64.72906227",11
94,FC72FEF5-362F-4C9B-B6A1-88FA559D84CE,City Of Rocks National Reserve,ciro,https://www.nps.gov/ciro/index.htm,ID,"lat:42.0699024, long:-113.7124097",41
95,8A6C3A35-C48B-4125-82E1-939A1B3A535C,Civil War Defenses of Washington,cwdw,https://www.nps.gov/cwdw/index.htm,"DC,MD,VA","lat:38.9644, long:-77.0292",16
96,80B93073-3A9D-4BD8-A8F5-5CB84CD35FE1,Clara Barton National Historic Site,clba,https://www.nps.gov/clba/index.htm,MD,"lat:38.96762882, long:-77.14009689",2
97,1FC8F995-C4F2-4553-BDE4-BB43AAB12ED6,Colonial National Historical Park,colo,https://www.nps.gov/colo/index.htm,VA,"lat:37.22824435, long:-76.61998123",8
98,EC5A2653-4470-46E7-8B57-30B8ADE46445,Colorado National Monument,colm,https://www.nps.gov/colm/index.htm,CO,"lat:39.05045016, long:-108.6920709",16
99,42E23CFA-4849-43D1-B9C7-77509C0AB85B,Coltsville National Historical Park,colt,https://www.nps.gov/colt/index.htm,CT,"lat:42.4677505493, long:-73.203666687",0
100,EEBA7225-7FF5-4B62-B60C-6BBC66351A4E,Congaree National Park,cong,https://www.nps.gov/cong/index.htm,SC,"lat:33.79187523, long:-80.74867805",26
101,B2F2941A-1BC1-42ED-B02F-541EBC80AEE4,Constitution Gardens,coga,https://www.nps.gov/coga/index.htm,DC,"lat:38.8909354, long:-77.04409306",1
102,6ED827FD-EA71-443E-83EE-9367FD14F940,Coronado National Memorial,coro,https://www.nps.gov/coro/index.htm,AZ,"lat:31.34900397, long:-110.2561574",14
103,9F7919AF-7B0B-4FDB-98B7-9D0FB3B9E4F1,Cowpens National Battlefield,cowp,https://www.nps.gov/cowp/index.htm,SC,"lat:35.13160654, long:-81.80935433",11
104,7DC1050A-0DDE-4EF9-B777-3C9349BCC4DE,Crater Lake National Park,crla,https://www.nps.gov/crla/index.htm,OR,"lat:42.94065854, long:-122.1338414",43
105,1388A0C7-D12A-4642-885A-A9C723458BA3,Craters Of The Moon National Monument & Preserve,crmo,https://www.nps.gov/crmo/index.htm,ID,"lat:43.20345611, long:-113.4791609",22
106,F341E5A4-959B-4D87-B886-23A884633D33,Cumberland Gap National Historical Park,cuga,https://www.nps.gov/cuga/index.htm,"KY,TN,VA","lat:36.62503076, long:-83.6114083",10
107,EF680908-DE76-4336-BD51-F33BEB09B4D7,Cumberland Island National Seashore,cuis,https://www.nps.gov/cuis/index.htm,GA,"lat:30.85857484, long:-81.45253575",11
108,80E30980-1B26-4AE7-A039-FA7D8D119070,Curecanti National Recreation Area,cure,https://www.nps.gov/cure/index.htm,CO,"lat:38.46584558, long:-107.3303371",16
109,F4D44F29-3F67-498F-B05B-0783473D2708,Cuyahoga Valley National Park,cuva,https://www.nps.gov/cuva/index.htm,OH,"lat:41.26093905, long:-81.57116722",31
110,D1EAA1D1-E855-42FF-9D06-8E983413BDE5,César E. Chávez National Monument,cech,https://www.nps.gov/cech/index.htm,CA,"lat:35.22729389, long:-118.5615781",2
111,C62B89CF-F912-46F4-878C-8EEBD843CEC6,Dayton Aviation Heritage National Historical Park,daav,https://www.nps.gov/daav/index.htm,OH,"lat:39.78944467, long:-84.10442045",8
112,C40BEE20-AF31-4DB5-AC77-D53EC89D1D9F,De Soto National Memorial,deso,https://www.nps.gov/deso/index.htm,FL,"lat:27.52272613, long:-82.64335416",9
113,FFC9F9C4-D79D-4CA7-AB0F-7A2AD30061CD,Death Valley National Park,deva,https://www.nps.gov/deva/index.htm,"CA,NV","lat:36.48753731, long:-117.134395",27
114,ECCA243E-109D-4D73-8546-B0A2553DD9E5,Delaware Water Gap National Recreation Area,dewa,https://www.nps.gov/dewa/index.htm,"NJ,PA","lat:41.12793491, long:-74.94751173",38
115,C0BF2A42-E353-4FAE-B4C4-AA0676B58100,Denali National Park & Preserve,dena,https://www.nps.gov/dena/index.htm,AK,"lat:63.29777484, long:-151.0526568",30
116,2DC9444C-880F-4738-BA1F-6FB123935A02,Devils Postpile National Monument,depo,https://www.nps.gov/depo/index.htm,CA,"lat:37.6152564, long:-119.0873903",13
117,335368E4-B5CE-4370-8324-4A841AFA5025,Devils Tower National Monument,deto,https://www.nps.gov/deto/index.htm,WY,"lat:44.59064655, long:-104.7156341",13
118,061D9754-B947-48FD-99BE-1FE1AAD1BB90,Dinosaur National Monument,dino,https://www.nps.gov/dino/index.htm,"CO,UT","lat:40.50739742, long:-108.9333714",28
119,167A05D1-5793-49E0-89FE-0A1DDFA9A7F4,Dry Tortugas National Park,drto,https://www.nps.gov/drto/index.htm,FL,"lat:24.628741, long:-82.87319",15
120,658C035B-119B-4C6F-9720-67872AD6A8A5,Dwight D. Eisenhower Memorial,ddem,https://www.nps.gov/ddem/index.htm,DC,"lat:38.8869476647, long:-77.018737554",2
121,98C8117C-EDE9-4A7C-9354-5AD0DEFDB848,Ebey's Landing National Historical Reserve,ebla,https://www.nps.gov/ebla/index.htm,WA,"lat:48.21403036, long:-122.6877213",33
122,7D06F9D0-1D89-48B5-AFC6-E096C3288C1E,Edgar Allan Poe National Historic Site,edal,https://www.nps.gov/edal/index.htm,PA,"lat:39.96195482, long:-75.1500062",2
123,0265E5A4-576A-4626-882A-05971DEE9B76,Effigy Mounds National Monument,efmo,https://www.nps.gov/efmo/index.htm,IA,"lat:43.08095081, long:-91.19687517",9
124,29621EB6-DFBA-40DD-A880-FE29BE9EE2D7,Eisenhower National Historic Site,eise,https://www.nps.gov/eise/index.htm,PA,"lat:39.79577592, long:-77.26508101",9
125,2EE542B6-3806-4E9C-ABBD-C4CC4C7E97C7,El Camino Real de Tierra Adentro National Historic Trail,elca,https://www.nps.gov/elca/index.htm,"NM,TX","lat:33.7990672546, long:-106.866386195",6
126,111711AC-B056-4CCF-B08F-35EE0E313CF4,El Camino Real de los Tejas National Historic Trail,elte,https://www.nps.gov/elte/index.htm,"TX,LA","lat:30.0922964581, long:-97.3397666725",3
127,0826F21E-43A2-4675-8D2A-11F676293364,El Malpais National Monument,elma,https://www.nps.gov/elma/index.htm,NM,"lat:34.88422799, long:-107.9950948",17
128,F894BEB4-0058-4FB9-9E5B-68DB9A5BD198,El Morro National Monument,elmo,https://www.nps.gov/elmo/index.htm,NM,"lat:35.03895916, long:-108.3463984",13
129,04CB5DB1-522B-4C2C-BB3F-C36361E391E7,Eleanor Roosevelt National Historic Site,elro,https://www.nps.gov/elro/index.htm,NY,"lat:41.76208482, long:-73.89894026",7
130,73A512A3-807A-457C-8A3B-5862C9C28BBD,Ellis Island Part of Statue of Liberty National Monument,elis,https://www.nps.gov/elis/index.htm,"NJ,NY","lat:40.69946, long:-74.0401",11
131,353241CC-4C4A-4F9E-A928-EFDCE2C6E29A,Eugene O'Neill National Historic Site,euon,https://www.nps.gov/euon/index.htm,CA,"lat:37.82604456, long:-122.0271566",8
132,5EA02193-276A-4037-B7DB-5765A56935FD,Everglades National Park,ever,https://www.nps.gov/ever/index.htm,FL,"lat:25.37294225, long:-80.88200301",36
133,2337D255-2D32-4997-957A-D461EEA03AF8,Federal Hall National Memorial,feha,https://www.nps.gov/feha/index.htm,NY,"lat:40.70731192, long:-74.01025636",6
134,8A31246D-5AB9-4A0E-8FBA-A9780C468935,Fire Island National Seashore,fiis,https://www.nps.gov/fiis/index.htm,NY,"lat:40.69668638, long:-73.00013462",15
135,35CB040E-765C-47D0-A594-05943E64EF3E,First Ladies National Historic Site,fila,https://www.nps.gov/fila/index.htm,OH,"lat:40.79689857, long:-81.37579869",7
136,7861C177-A600-4B37-B217-E9E64DC04F34,First State National Historical Park,frst,https://www.nps.gov/frst/index.htm,"DE,PA","lat:39.83076929, long:-75.56353942",15
137,CA3ABD4B-B2BB-4949-9705-60CADB175FC4,Flight 93 National Memorial,flni,https://www.nps.gov/flni/index.htm,PA,"lat:40.06061476, long:-78.89456905",7
138,1F38885B-538E-499C-B5A6-30D76267AC7F,Florissant Fossil Beds National Monument,flfo,https://www.nps.gov/flfo/index.htm,CO,"lat:38.91260586, long:-105.2803396",17
139,C1D82E29-1291-415B-9834-5A0480D2732C,Ford's Theatre,foth,https://www.nps.gov/foth/index.htm,DC,"lat:38.89668819, long:-77.02577944",4
140,5AD68231-8681-43F6-89B1-08E5AA4C7FE6,Fort Bowie National Historic Site,fobo,https://www.nps.gov/fobo/index.htm,AZ,"lat:32.14925942, long:-109.451132",9
141,DE70B987-01A4-4BA5-9662-030BE3329AB3,Fort Davis National Historic Site,foda,https://www.nps.gov/foda/index.htm,TX,"lat:30.59930381, long:-103.8961904",19
142,7DD7A9E8-E1E9-4759-A764-5FF81FC520ED,Fort Donelson National Battlefield,fodo,https://www.nps.gov/fodo/index.htm,"KY,TN","lat:36.49019078, long:-87.92445695",8
143,3659D57D-BF06-4351-8B14-5F447120A389,Fort Dupont Park,fodu,https://www.nps.gov/fodu/index.htm,DC,"lat:38.87731289, long:-76.94955824",8
144,649C339B-35AE-4A4D-96A5-B54E46BA8D71,Fort Foote Park,fofo,https://www.nps.gov/fofo/index.htm,MD,"lat:38.76901785, long:-77.02812387",2
145,4301F6E9-750B-489D-B8E4-4204165894A1,Fort Frederica National Monument,fofr,https://www.nps.gov/fofr/index.htm,GA,"lat:31.2214699, long:-81.39452014",3
146,53C5C818-EB7C-4FEB-B94F-892588205D64,Fort Laramie National Historic Site,fola,https://www.nps.gov/fola/index.htm,WY,"lat:42.20301694, long:-104.5459112",11
147,6C6ABAB9-7F52-4172-8009-817612726CFF,Fort Larned National Historic Site,fols,https://www.nps.gov/fols/index.htm,KS,"lat:38.18047491, long:-99.21836664",10
148,31E84ADD-24C1-400B-9D8B-4588D8DC521C,Fort Matanzas National Monument,foma,https://www.nps.gov/foma/index.htm,FL,"lat:29.7121489, long:-81.23567535",6
149,B0DE766C-E87F-48BE-A94F-C9D774AD52FD,Fort McHenry National Monument and Historic Shrine,fomc,https://www.nps.gov/fomc/index.htm,MD,"lat:39.26395314, long:-76.58044165",34
150,BDE93DB8-0A71-4C18-9F10-489815E742CC,Fort Monroe National Monument,fomr,https://www.nps.gov/fomr/index.htm,VA,"lat:37.01733343, long:-76.30103195",17
151,D2E64293-4B46-4F1A-8902-7D0FCAD268C0,Fort Necessity National Battlefield,fone,https://www.nps.gov/fone/index.htm,PA,"lat:39.81306048, long:-79.59033344",18
152,7FF57085-3B53-498D-86B5-96F5F1493A06,Fort Point National Historic Site,fopo,https://www.nps.gov/fopo/index.htm,CA,"lat:37.80837439, long:-122.473747",7
153,3249A652-F901-40F2-A608-635B0F41574B,Fort Pulaski National Monument,fopu,https://www.nps.gov/fopu/index.htm,GA,"lat:32.0308274, long:-80.93361681",13
154,C84BCBF8-FC75-48BB-8032-6FF56AB2DCED,Fort Raleigh National Historic Site,fora,https://www.nps.gov/fora/index.htm,NC,"lat:35.93278602, long:-75.71496865",7
155,8CA5777A-FFDF-45AE-9705-C4DE268D1BCC,Fort Scott National Historic Site,fosc,https://www.nps.gov/fosc/index.htm,KS,"lat:37.84358849, long:-94.70429174",8
156,54DC5EA0-2635-4154-BBD0-AF0F38D76933,Fort Smith National Historic Site,fosm,https://www.nps.gov/fosm/index.htm,"AR,OK","lat:35.38834746, long:-94.43129079",7
157,D57C8F0D-71E9-46D7-B00B-001BC7E39096,Fort Stanwix National Monument,fost,https://www.nps.gov/fost/index.htm,NY,"lat:43.21053441, long:-75.45557626",25
158,372AF558-26C8-461F-B011-AF359276398D,Fort Sumter and Fort Moultrie National Historical Park,fosu,https://www.nps.gov/fosu/index.htm,SC,"lat:32.75654469, long:-79.87068744",23
159,FB1AE18D-522F-434B-9983-3D0194CE1995,Fort Union National Monument,foun,https://www.nps.gov/foun/index.htm,NM,"lat:35.90700629, long:-105.0145185",7
160,60B1534B-5C3A-402A-ABC6-700B756F69A2,Fort Union Trading Post National Historic Site,fous,https://www.nps.gov/fous/index.htm,"MT,ND","lat:48.00075828, long:-104.0375238",10
161,B13AB831-6806-4CBA-A93D-4E2FCC39F6F7,Fort Vancouver National Historic Site,fova,https://www.nps.gov/fova/index.htm,"OR,WA","lat:45.62234841, long:-122.6617043",15
162,E49B3D75-8676-4417-BFAD-8B3E23B1418B,Fort Washington Park,fowa,https://www.nps.gov/fowa/index.htm,MD,"lat:38.7117, long:-77.0302",8
163,57CCF213-6285-408F-AD58-CC2DB9D5B6C1,Fossil Butte National Monument,fobu,https://www.nps.gov/fobu/index.htm,WY,"lat:41.85635223, long:-110.7624754",8
164,8F8CC788-D1BB-42BC-A41E-B442E2B001C8,Franklin Delano Roosevelt Memorial,frde,https://www.nps.gov/frde/index.htm,DC,"lat:38.88341274, long:-77.04311542",8
165,F6831504-A456-45C8-B87B-0FCE1D849A12,Frederick Douglass National Historic Site,frdo,https://www.nps.gov/frdo/index.htm,DC,"lat:38.86298458, long:-76.98508147",7
166,CDC0FE7F-C249-466C-88B2-B81FC5279B91,Frederick Law Olmsted National Historic Site,frla,https://www.nps.gov/frla/index.htm,MA,"lat:42.32424266, long:-71.13202567",4
167,52430E36-3361-4BB8-BE6F-0F2834E50CB3,Fredericksburg & Spotsylvania National Military Park,frsp,https://www.nps.gov/frsp/index.htm,VA,"lat:38.29378, long:-77.46734",15
168,FFEB6894-949B-4C17-924D-646B63966718,Freedom Riders National Monument,frri,https://www.nps.gov/frri/index.htm,AL,"lat:33.635269165, long:-85.9064331055",2
169,F6D0ABED-2C07-4194-8CB7-09476271EDB9,Friendship Hill National Historic Site,frhi,https://www.nps.gov/frhi/index.htm,PA,"lat:39.77543423, long:-79.92504169",11
170,BC195D18-71C8-4A99-BF8E-10BFAB849679,Gates Of The Arctic National Park & Preserve,gaar,https://www.nps.gov/gaar/index.htm,AK,"lat:67.75961636, long:-153.2917758",15
171,BD588493-EC77-4B97-B73E-3BA444864DC5,Gateway Arch National Park,jeff,https://www.nps.gov/jeff/index.htm,MO,"lat:38.6258069, long:-90.1892508",15
172,BBC5BE3F-E921-40B5-A850-F259D9FAF88C,Gateway National Recreation Area,gate,https://www.nps.gov/gate/index.htm,"NY,NJ","lat:40.56536246, long:-73.9171087",9
173,A1994071-1BCB-4C14-9C21-108348882067,Gauley River National Recreation Area,gari,https://www.nps.gov/gari/index.htm,WV,"lat:38.20614947, long:-81.00420836",10
174,99F1F4ED-5B14-4756-B0EB-FF251B1A12BD,General Grant National Memorial,gegr,https://www.nps.gov/gegr/index.htm,NY,"lat:40.81332817, long:-73.96331542",6
175,48C4BDA1-98A3-441A-87FF-BAAB3AA043AE,George Rogers Clark National Historical Park,gero,https://www.nps.gov/gero/index.htm,IN,"lat:38.67912659, long:-87.53545212",15
176,542D7CC3-B948-4891-9811-829661F30686,George Washington Birthplace National Monument,gewa,https://www.nps.gov/gewa/index.htm,VA,"lat:38.19362603, long:-76.92079458",14
177,56A5A3B1-4F49-4517-86B8-AE2F272D0C42,George Washington Carver National Monument,gwca,https://www.nps.gov/gwca/index.htm,MO,"lat:36.9871322, long:-94.35522737",13
178,E6D5BB41-3251-469F-ABDA-7B43B966F0CF,George Washington Memorial Parkway,gwmp,https://www.nps.gov/gwmp/index.htm,"DC,MD,VA","lat:38.9628, long:-77.1495",8
179,8C330DA3-6194-4034-8948-C6B6772B82A0,Gettysburg National Military Park,gett,https://www.nps.gov/gett/index.htm,PA,"lat:39.81557366, long:-77.23246758",23
180,1BB1F955-A830-4E85-A80F-5E940A143CE5,Gila Cliff Dwellings National Monument,gicl,https://www.nps.gov/gicl/index.htm,NM,"lat:33.22715258, long:-108.2706711",18
181,3682DBDE-6746-4979-86CC-2358C5B72661,Glacier Bay National Park & Preserve,glba,https://www.nps.gov/glba/index.htm,AK,"lat:58.80086718, long:-136.8407579",31
182,2B5178C6-2446-488C-AC31-47E3CEBF7159,Glacier National Park,glac,https://www.nps.gov/glac/index.htm,MT,"lat:48.68414678, long:-113.8009306",47
183,F7EB51F0-240D-49BC-968C-792756A3B1A0,Glen Canyon National Recreation Area,glca,https://www.nps.gov/glca/index.htm,"AZ,UT","lat:36.9357464677, long:-111.485594268",25
184,3FBC6D2D-C61B-4399-BC35-1B00C92C406A,Glen Echo Park,glec,https://www.nps.gov/glec/index.htm,MD,"lat:38.96912315, long:-77.14012206",6
185,4A2954A3-F00F-46E4-8FC7-BB2766350518,Gloria Dei Church National Historic Site,glde,https://www.nps.gov/glde/index.htm,PA,"lat:39.93435005, long:-75.14398924",1
186,0E797FA8-6E31-418B-A68F-13CEE37A2AF5,Golden Gate National Recreation Area,goga,https://www.nps.gov/goga/index.htm,CA,"lat:37.85982543, long:-122.6007386",26
187,8F858FBE-8E28-491A-BCBD-67E23D535EEA,Golden Spike National Historical Park,gosp,https://www.nps.gov/gosp/index.htm,UT,"lat:41.61947508, long:-112.5242653",14
188,F7DA09B4-41C4-4372-9EBB-15AD1526B391,Governors Island National Monument,gois,https://www.nps.gov/gois/index.htm,NY,"lat:40.69164233, long:-74.01670765",10
189,B7FF43E5-3A95-4C8E-8DBE-72D8608D6588,Grand Canyon National Park,grca,https://www.nps.gov/grca/index.htm,AZ,"lat:36.0001165336, long:-112.121516363",33
190,F614E6C5-1283-431A-AF44-15FC849D65FE,Grand Canyon-Parashant National Monument,para,https://www.nps.gov/para/index.htm,AZ,"lat:36.41535465, long:-113.6682797",23
191,E463E13F-FCD4-41B3-AEF3-BA3199E04399,Grand Portage National Monument,grpo,https://www.nps.gov/grpo/index.htm,MN,"lat:47.99294217, long:-89.75573031",22
192,FF73E2AA-E274-44E1-A8F5-9DD998B0F579,Grand Teton National Park,grte,https://www.nps.gov/grte/index.htm,WY,"lat:43.81853565, long:-110.7054666",53
193,72A30002-12FA-4738-BCA7-1FA8062214CB,Grant-Kohrs Ranch National Historic Site,grko,https://www.nps.gov/grko/index.htm,MT,"lat:46.41358923, long:-112.7467024",6
194,4C1A549B-080F-4522-9CA7-67BB5A0845CA,Great Basin National Park,grba,https://www.nps.gov/grba/index.htm,NV,"lat:38.94617378, long:-114.2579782",42
195,5B1021C9-5F48-4747-B0E4-6F508FDF96AE,Great Egg Harbor River,greg,https://www.nps.gov/greg/index.htm,NJ,"lat:39.3042, long:-74.6497",24
196,4DC6F018-E87E-46AE-8F05-BA30D3B82FF9,Great Falls Park,grfa,https://www.nps.gov/grfa/index.htm,VA,"lat:38.98776107, long:-77.25128326",5
197,461D40CC-4379-4C1B-ADB8-3563147F61A1,Great Sand Dunes National Park & Preserve,grsa,https://www.nps.gov/grsa/index.htm,CO,"lat:37.79256812, long:-105.5919572",56
198,D9819727-18DF-4A84-BDDE-D4F2696DE340,Great Smoky Mountains National Park,grsm,https://www.nps.gov/grsm/index.htm,"NC,TN","lat:35.60116374, long:-83.50818326",36
199,67B6A06A-1B09-44DE-BCA4-C013EE30DDD0,Green Springs,grsp,https://www.nps.gov/grsp/index.htm,VA,"lat:38.037099, long:-78.189823",3
200,8CEE28AB-50AE-4AC6-ACEF-B209A5346743,Greenbelt Park,gree,https://www.nps.gov/gree/index.htm,MD,"lat:38.98328267, long:-76.89722133",11
201,6510001B-685D-4688-A963-4ECE7AB609DB,Guadalupe Mountains National Park,gumo,https://www.nps.gov/gumo/index.htm,TX,"lat:31.92304462, long:-104.885527",20
202,D1417003-3F9E-4FE0-9C6B-8ECE50855C7B,Guilford Courthouse National Military Park,guco,https://www.nps.gov/guco/index.htm,NC,"lat:36.13225478, long:-79.8424561",13
203,ACA78E27-3C26-4C8B-8CCB-9F0B5BED247F,Gulf Islands National Seashore,guis,https://www.nps.gov/guis/index.htm,"FL,MS","lat:30.29924926, long:-87.75064297",49
204,BEE3E4AA-D61B-4197-A2A0-567D15734766,Hagerman Fossil Beds National Monument,hafo,https://www.nps.gov/hafo/index.htm,ID,"lat:42.79074114, long:-114.9443074",14
205,4930BAEB-A3BF-4825-9796-DCD0FD1C3BD5,Haleakalā National Park,hale,https://www.nps.gov/hale/index.htm,HI,"lat:20.70693015, long:-156.1591775",8
206,4E169088-14AC-41DB-A6B2-BB3925B1CF0A,Hamilton Grange National Memorial,hagr,https://www.nps.gov/hagr/index.htm,NY,"lat:40.81871605, long:-73.94878487",7
207,5FD56750-4A13-4615-B987-793AC356B320,Hampton National Historic Site,hamp,https://www.nps.gov/hamp/index.htm,MD,"lat:39.4175296, long:-76.58781182",18
208,211E9758-FA5F-4BAA-AABF-D939B7C07A79,Harmony Hall,haha,https://www.nps.gov/haha/index.htm,MD,"lat:38.74646351, long:-77.00377069",2
209,2828F5DF-F4E9-48DE-9D4D-2EC39E0276B2,Harpers Ferry National Historical Park,hafe,https://www.nps.gov/hafe/index.htm,"WV,VA,MD","lat:39.31865949, long:-77.74088546",6
210,067468EC-25DB-447C-91A8-068C167EEF32,Harriet Tubman National Historical Park,hart,https://www.nps.gov/hart/index.htm,NY,"lat:42.9128920287, long:-76.5646715462",5
211,380E7DFB-6F37-499F-8996-356EC5F0DDE5,Harriet Tubman Underground Railroad National Historical Park,hatu,https://www.nps.gov/hatu/index.htm,MD,"lat:38.4548643511, long:-76.1373451376",6
212,76F393BA-D39F-43E9-B0A3-F746E2FEAD85,Harry S Truman National Historic Site,hstr,https://www.nps.gov/hstr/index.htm,MO,"lat:38.92711967, long:-94.5162488",7
213,D9BF4288-9AC3-4526-9598-BE8920839ACC,Hawaiʻi Volcanoes National Park,havo,https://www.nps.gov/havo/index.htm,HI,"lat:19.3355036, long:-155.4700257",17
214,43AC146A-0903-4E4A-BD7D-7169655009C7,Herbert Hoover National Historic Site,heho,https://www.nps.gov/heho/index.htm,IA,"lat:41.66793558, long:-91.35232139",13
215,9CFF594A-8DB1-4377-BE2A-10CC2B0C47E1,Historic Jamestowne Part of Colonial National Historical Park,jame,https://www.nps.gov/jame/index.htm,VA,"lat:37.2065, long:-76.7538",5
216,BBA0A580-E05B-42DD-A64F-7C6F958091C5,Home Of Franklin D Roosevelt National Historic Site,hofr,https://www.nps.gov/hofr/index.htm,NY,"lat:41.76639758, long:-73.92516857",6
217,3E1E316B-2F1A-4F08-8BD0-AE64761D68C2,Homestead National Historical Park,home,https://www.nps.gov/home/index.htm,NE,"lat:40.28802381, long:-96.83387781",17
218,88F37F00-EAD0-44C4-88D1-F42D52BF661B,Hono'uli'uli National Historic Site,hono,https://www.nps.gov/hono/index.htm,HI,"lat:21.38817536, long:-158.0574991",2
219,BE344FC9-4366-493D-B881-4E5AD4973CF5,Hopewell Culture National Historical Park,hocu,https://www.nps.gov/hocu/index.htm,OH,"lat:39.31594374, long:-83.08049456",11
220,D709F8AB-E094-4C58-8B9E-2E4958AA2BF2,Hopewell Furnace National Historic Site,hofu,https://www.nps.gov/hofu/index.htm,PA,"lat:40.20610637, long:-75.76766355",30
221,7565F317-EA13-4E07-9059-D6831CA7E4A9,Horseshoe Bend National Military Park,hobe,https://www.nps.gov/hobe/index.htm,AL,"lat:32.97668879, long:-85.73413589",38
222,ED9C0322-68FB-4DE1-A884-61C623281C9D,Hot Springs National Park,hosp,https://www.nps.gov/hosp/index.htm,AR,"lat:34.52414366, long:-93.06332936",20
223,BA84404E-743C-4841-9F83-87CEDA164E5B,Hovenweep National Monument,hove,https://www.nps.gov/hove/index.htm,"CO,UT","lat:37.39134092, long:-109.0047977",8
224,E2A4E070-D68B-42D6-8353-4438ED2F43AB,Hubbell Trading Post National Historic Site,hutr,https://www.nps.gov/hutr/index.htm,AZ,"lat:35.70727324, long:-109.5599515",5
225,07D9E506-B86A-4762-801F-2D333F369D5D,Ice Age Floods National Geologic Trail,iafl,https://www.nps.gov/iafl/index.htm,"WA,OR,ID,MT","lat:46.5669309008, long:-118.992564971",3
226,DED290D0-879A-4134-BBC3-54980D80959E,Ice Age National Scenic Trail,iatr,https://www.nps.gov/iatr/index.htm,WI,"lat:43.9895697794, long:-89.5612021706",11
227,CF35CC35-12CE-473D-9E4C-703916105B78,Independence National Historical Park,inde,https://www.nps.gov/inde/index.htm,PA,"lat:39.94746112, long:-75.14794157",8
228,473EFACE-EE15-4A4F-AA6C-666810A9E27D,Indiana Dunes National Park,indu,https://www.nps.gov/indu/index.htm,IN,"lat:41.63765525, long:-87.09647445",33
229,0F6893CF-FC15-4AC5-8C95-E70FC9C21B1A,Isle Royale National Park,isro,https://www.nps.gov/isro/index.htm,MI,"lat:48.01145819, long:-88.82780657",35
230,622B7696-B7D8-41D8-A3C9-C82A60D0CD12,Iñupiat Heritage Center,inup,https://www.nps.gov/inup/index.htm,AK,"lat:71.29832445, long:-156.7535863",2
231,DE848801-6FFA-4961-901A-CBE120F569F5,James A Garfield National Historic Site,jaga,https://www.nps.gov/jaga/index.htm,OH,"lat:41.66486549, long:-81.35086557",8
232,ED57A2B1-2560-471C-82A7-7EF6BC3486F8,Jean Lafitte National Historical Park and Preserve,jela,https://www.nps.gov/jela/index.htm,LA,"lat:29.81739855, long:-90.1402241",23
233,A71EF659-5A33-4CCC-93CE-340F23A88E3E,Jewel Cave National Monument,jeca,https://www.nps.gov/jeca/index.htm,SD,"lat:43.73102945, long:-103.829994",10
234,F63CFF21-C861-422D-A725-B8F3ECFF6EAE,Jimmy Carter National Historical Park,jica,https://www.nps.gov/jica/index.htm,GA,"lat:32.03611, long:-84.3924",8
235,B2577D2A-A33E-4DCF-B6F8-C299E1DFEC19,John Day Fossil Beds National Monument,joda,https://www.nps.gov/joda/index.htm,OR,"lat:44.62566508, long:-119.8811491",6
236,13E32BB8-D80B-45FA-ABF7-9C0CA5417ADC,John Fitzgerald Kennedy National Historic Site,jofi,https://www.nps.gov/jofi/index.htm,MA,"lat:42.34693694, long:-71.12323846",4
237,F339067B-A588-4BF3-9D90-1C1BA1249203,John Muir National Historic Site,jomu,https://www.nps.gov/jomu/index.htm,CA,"lat:37.9828422, long:-122.1326097",7
238,A8C04CA4-FEFF-4FDD-99C4-5BA801AA2DB5,Johnstown Flood National Memorial,jofl,https://www.nps.gov/jofl/index.htm,PA,"lat:40.34584534, long:-78.77448601",11
239,F5CD58FB-05DC-4074-99DA-F327A537F1BC,Joshua Tree National Park,jotr,https://www.nps.gov/jotr/index.htm,CA,"lat:33.91418525, long:-115.8398125",27
240,062F89B7-8DB4-4ACD-88D1-573669E63091,Juan Bautista de Anza National Historic Trail,juba,https://www.nps.gov/juba/index.htm,"AZ,CA","lat:33.8743390994, long:-117.224179857",11
241,3C869976-DF2E-4D99-9918-366DFE637846,Kalaupapa National Historical Park,kala,https://www.nps.gov/kala/index.htm,HI,"lat:21.1731108, long:-156.9511609",3
242,C8B7FCAD-0176-4ABC-8774-90A264E646F1,Kaloko-Honokōhau National Historical Park,kaho,https://www.nps.gov/kaho/index.htm,HI,"lat:19.68083237, long:-156.0306932",14
243,406F7D87-F34F-41C9-9CCE-9FD53ABBA9A7,Katahdin Woods and Waters National Monument,kaww,https://www.nps.gov/kaww/index.htm,ME,"lat:45.9567565918, long:-68.7122879028",14
244,B712CB0C-B3DD-48A6-AA4F-CCD72C87F48B,Katmai National Park & Preserve,katm,https://www.nps.gov/katm/index.htm,AK,"lat:58.62235668, long:-155.0126574",23
245,11E73438-0CCC-4441-A76A-1995F67F2D89,Kenai Fjords National Park,kefj,https://www.nps.gov/kefj/index.htm,AK,"lat:59.81804414, long:-150.106502",38
246,A1901BAE-94DB-44E4-96D4-1E07422EDF6E,Kenilworth Park & Aquatic Gardens,keaq,https://www.nps.gov/keaq/index.htm,DC,"lat:38.9128, long:-76.9434",13
247,AA1E3B48-8B98-4F47-A642-C266A92AB523,Kennesaw Mountain National Battlefield Park,kemo,https://www.nps.gov/kemo/index.htm,GA,"lat:33.95370717, long:-84.59214186",8
248,E25D6277-11D8-425F-8498-718C98B13854,Keweenaw National Historical Park,kewe,https://www.nps.gov/kewe/index.htm,MI,"lat:47.1792308, long:-88.52275344",15
249,C7C40543-5879-48FC-8E55-C26F3E0B4CCD,Kings Mountain National Military Park,kimo,https://www.nps.gov/kimo/index.htm,SC,"lat:35.13900723, long:-81.38978712",5
250,0529BC85-CD42-4DA9-AC60-CAD7C40C3525,Klondike Gold Rush - Seattle Unit National Historical Park,klse,https://www.nps.gov/klse/index.htm,WA,"lat:47.5993663, long:-122.3319664",5
251,5D4AA834-B601-44A8-B786-FF3306BA8A39,Klondike Gold Rush National Historical Park,klgo,https://www.nps.gov/klgo/index.htm,AK,"lat:59.61042373, long:-135.2618535",24
252,0103833B-8114-4483-9754-11B5171BCB20,Knife River Indian Villages National Historic Site,knri,https://www.nps.gov/knri/index.htm,ND,"lat:47.3540219, long:-101.3860533",23
253,691831BF-F280-4E02-BF4A-FF476BC66B23,Kobuk Valley National Park,kova,https://www.nps.gov/kova/index.htm,AK,"lat:67.35631336, long:-159.2002293",19
254,0DEA542F-01B7-4631-8AAD-124161D7B7E6,Korean War Veterans Memorial,kowa,https://www.nps.gov/kowa/index.htm,DC,"lat:38.88784226, long:-77.04773857",3
255,D50B95B0-11C7-4F0A-8B3A-9BAC66E8F1A7,LBJ Memorial Grove on the Potomac,lyba,https://www.nps.gov/lyba/index.htm,DC,"lat:38.87858036, long:-77.05145832",9
256,5F76F85B-23F4-4616-AA0B-A26E8DE76593,Lake Clark National Park & Preserve,lacl,https://www.nps.gov/lacl/index.htm,AK,"lat:60.57405857, long:-153.55535",39
257,7B43EA5B-298C-4BAB-B22D-860B852B40A5,Lake Mead National Recreation Area,lake,https://www.nps.gov/lake/index.htm,"AZ,NV","lat:35.96622528, long:-114.3469067",48
258,AC3B46AA-B4C2-4555-A82A-D4CF790DF81D,Lake Meredith National Recreation Area,lamr,https://www.nps.gov/lamr/index.htm,TX,"lat:35.61926203, long:-101.6820066",20
259,B548FF88-8155-4E56-8E77-FB140D06E1EC,Lake Roosevelt National Recreation Area,laro,https://www.nps.gov/laro/index.htm,WA,"lat:48.17148735, long:-118.3513713",28
260,9AA4A53C-0331-43CC-99F5-379BC929FFB2,Lassen Volcanic National Park,lavo,https://www.nps.gov/lavo/index.htm,CA,"lat:40.49354575, long:-121.4075993",47
261,10AEFADA-AFA0-4998-A9E5-3F504F351AAB,Lava Beds National Monument,labe,https://www.nps.gov/labe/index.htm,CA,"lat:41.75915823, long:-121.5172189",28
262,5D443C5F-19A0-4A06-9CE4-30534A3DD81A,Lewis & Clark National Historic Trail,lecl,https://www.nps.gov/lecl/index.htm,"IA,ID,IL,IN,KS,KY,MO,MT,NE,ND,OH,OR,PA,SD,WA,WV","lat:41.2646141052, long:-95.9245147705",14
263,2666104A-6685-4F93-9412-8091007BEF6C,Lewis and Clark National Historical Park,lewi,https://www.nps.gov/lewi/index.htm,"OR,WA","lat:46.21178735, long:-123.9638583",21
264,E9A0608F-46D6-4072-939F-C81E27AAB236,Lincoln Boyhood National Memorial,libo,https://www.nps.gov/libo/index.htm,IN,"lat:38.11817004, long:-86.99656861",14
265,FF52F034-53E3-4F36-AA31-4BEBCC5F007A,Lincoln Home National Historic Site,liho,https://www.nps.gov/liho/index.htm,IL,"lat:39.79715642, long:-89.64513397",18
266,1EAEF5FA-8CD4-40D7-8B09-07F20E3E5AA5,Lincoln Memorial,linc,https://www.nps.gov/linc/index.htm,DC,"lat:38.88927229, long:-77.05017778",6
267,415AA3E1-CE8A-4A24-BD69-451C87107AA4,Little Bighorn Battlefield National Monument,libi,https://www.nps.gov/libi/index.htm,MT,"lat:45.55633048, long:-107.4183614",9
268,C03CF86E-BFB5-470E-AFF3-C1798A61FFE5,Little River Canyon National Preserve,liri,https://www.nps.gov/liri/index.htm,AL,"lat:34.41461863, long:-85.61734327",29
269,5C51E54A-BCDA-4186-96C3-1B896C3CDFCB,Little Rock Central High School National Historic Site,chsc,https://www.nps.gov/chsc/index.htm,AR,"lat:34.7369465, long:-92.29987899",11
270,CE9470A1-A8D7-49DE-A555-1A32FBBAB0FF,Longfellow House Washington's Headquarters National Historic Site,long,https://www.nps.gov/long/index.htm,MA,"lat:42.37698854, long:-71.12636956",7
271,FA6450A4-D2F1-4B35-9817-EA01918597A6,Lowell National Historical Park,lowe,https://www.nps.gov/lowe/index.htm,MA,"lat:42.6455371, long:-71.31588673",17
272,64FF65B7-0847-4495-9464-667CAFBF4D16,Lower Delaware National Wild and Scenic River,lode,https://www.nps.gov/lode/index.htm,"PA,NJ","lat:40.4000389, long:-74.983737",10
273,3725FD28-4693-481E-888C-855484E73800,Lower East Side Tenement Museum National Historic Site,loea,https://www.nps.gov/loea/index.htm,NY,"lat:40.7187683, long:-73.99001245",8
274,ECDFABE2-6448-46EA-886E-FE79ACBBF16E,Lyndon B Johnson National Historical Park,lyjo,https://www.nps.gov/lyjo/index.htm,TX,"lat:30.2519655, long:-98.60692433",7
275,70090004-4DA3-4E20-8F70-9DE064C2AA69,Maggie L Walker National Historic Site,mawa,https://www.nps.gov/mawa/index.htm,VA,"lat:37.54781499, long:-77.43746979",4
276,A609887A-BB48-47AA-A6F6-4C7F77346FC6,Maine Acadian Culture,maac,https://www.nps.gov/maac/index.htm,ME,"lat:47.25102114, long:-68.59447532",4
277,6A1737A1-6848-4087-AAF7-68A427247357,Mammoth Cave National Park,maca,https://www.nps.gov/maca/index.htm,KY,"lat:37.19760458, long:-86.13090198",35
278,75E4B06E-24C5-4F04-AAB3-F41CF0F55B7A,Manassas National Battlefield Park,mana,https://www.nps.gov/mana/index.htm,VA,"lat:38.81710063, long:-77.5353468",9
279,E777590D-C086-4A88-B5A2-AAE47DBD6A6F,Manhattan Project National Historical Park,mapr,https://www.nps.gov/mapr/index.htm,"NM,WA,TN","lat:35.88096, long:-106.30214",3
280,249AF67F-BB6C-4D0A-B632-07BEE855D24B,Manzanar National Historic Site,manz,https://www.nps.gov/manz/index.htm,CA,"lat:36.72559195, long:-118.1547177",15
281,AB289D4C-AC48-4C83-8643-45E1FCAAAEB1,Marsh - Billings - Rockefeller National Historical Park,mabi,https://www.nps.gov/mabi/index.htm,VT,"lat:43.63348732, long:-72.53424638",30
282,855C9CDC-89B3-4143-9496-D9E6AE292CA1,"Martin Luther King, Jr. Memorial",mlkm,https://www.nps.gov/mlkm/index.htm,DC,"lat:38.8862276865, long:-77.0442195534",6
283,59636FCE-DE81-4D98-890C-585BD48F9AD0,"Martin Luther King, Jr. National Historical Park",malu,https://www.nps.gov/malu/index.htm,GA,"lat:33.75618241, long:-84.37256768",6
284,C1713EAF-0437-4CE1-8CFB-04147E1318F3,Martin Van Buren National Historic Site,mava,https://www.nps.gov/mava/index.htm,NY,"lat:42.36819596, long:-73.70834257",13
285,1D530576-5363-4264-9A26-1C0809DB0B6A,Mary McLeod Bethune Council House National Historic Site,mamc,https://www.nps.gov/mamc/index.htm,DC,"lat:38.90819107, long:-77.03096742",7
286,01DE3F7C-354D-4468-AC36-2CF5274AB68E,Medgar and Myrlie Evers Home National Monument,memy,https://www.nps.gov/memy/index.htm,MS,"lat:32.34096274, long:-90.21264553",0
287,BE3A981E-BB55-474D-8A0E-D711408682DC,Mesa Verde National Park,meve,https://www.nps.gov/meve/index.htm,CO,"lat:37.23908345, long:-108.4624032",22
288,0260D050-761A-4446-AB05-641986F9FDFB,Mill Springs Battlefield National Monument,misp,https://www.nps.gov/misp/index.htm,KY,"lat:37.0688158602, long:-84.7375361304",3
289,FE52067B-EBB9-4FD2-B613-FE778985BAD9,Minidoka National Historic Site,miin,https://www.nps.gov/miin/index.htm,"ID,WA","lat:42.80586068, long:-114.4449868",4
290,3AB31FA9-E174-4A03-952D-397944D3A3C8,Minute Man National Historical Park,mima,https://www.nps.gov/mima/index.htm,MA,"lat:42.4562778, long:-71.30738884",8
291,5DE19B04-85AD-4C3A-93BF-A0D484B1AD91,Minuteman Missile National Historic Site,mimi,https://www.nps.gov/mimi/index.htm,SD,"lat:43.89558013, long:-102.0272131",6
292,913100E9-987E-4659-8124-DFCEE3158FCB,Mississippi National River and Recreation Area,miss,https://www.nps.gov/miss/index.htm,MN,"lat:44.942487, long:-93.098712",26
293,D43C7439-5C0B-4F4F-9D5B-65080F13AD28,Missouri National Recreational River,mnrr,https://www.nps.gov/mnrr/index.htm,"SD,NE","lat:42.7882189, long:-97.59077822",44
294,D509DC08-53AD-4661-A2EA-FC69BE456E50,Mojave National Preserve,moja,https://www.nps.gov/moja/index.htm,CA,"lat:35.12485941, long:-115.5168258",32
295,8F17B3D6-BFA2-49F2-B553-C10B2B3A3EED,Monocacy National Battlefield,mono,https://www.nps.gov/mono/index.htm,MD,"lat:39.36084236, long:-77.39637677",18
296,D87E3D6F-8007-46F0-971A-B3BC191CC888,Montezuma Castle National Monument,moca,https://www.nps.gov/moca/index.htm,AZ,"lat:34.62237771, long:-111.8147857",14
297,617A3B73-D7CD-449D-8E27-41DE3BF149A6,Moores Creek National Battlefield,mocr,https://www.nps.gov/mocr/index.htm,NC,"lat:34.45820776, long:-78.11031134",14
298,AD731EF0-685F-4397-88C1-A9BB21EBF034,Mormon Pioneer National Historic Trail,mopi,https://www.nps.gov/mopi/index.htm,"IL,IA,NE,UT,WY","lat:41.2650321741, long:-101.84083756",8
299,D68D9424-CD32-434F-88BF-3069ADFB2744,Morristown National Historical Park,morr,https://www.nps.gov/morr/index.htm,NJ,"lat:40.7650755, long:-74.53455122",20
300,07229CB8-8533-4669-B614-2B884779DD93,Mount Rainier National Park,mora,https://www.nps.gov/mora/index.htm,WA,"lat:46.86075416, long:-121.7043885",34
301,5590468F-2446-4B46-A8C1-42505177C298,Mount Rushmore National Memorial,moru,https://www.nps.gov/moru/index.htm,SD,"lat:43.88037021, long:-103.4525186",10
302,126A6227-E39F-44F4-A279-B1EA257CBCDA,Muir Woods National Monument,muwo,https://www.nps.gov/muwo/index.htm,CA,"lat:37.89658027, long:-122.5808047",9
303,259CE799-32C4-4CA9-BBDF-2F305018289C,Natchez National Historical Park,natc,https://www.nps.gov/natc/index.htm,MS,"lat:31.54697621, long:-91.39040665",6
304,3ACC9199-1234-4E50-B80E-65DB783B4BB7,Natchez Trace National Scenic Trail,natt,https://www.nps.gov/natt/index.htm,"AL,MS,TN","lat:34.330290333, long:-88.7100104094",3
305,E8A0F0B6-983F-4B9A-9A67-BFF6F9E4204A,Natchez Trace Parkway,natr,https://www.nps.gov/natr/index.htm,"AL,MS,TN","lat:33.78002293, long:-89.03092439",20
306,BA3C1A1D-AA6A-49EB-9237-0222CEEE2670,National Capital Parks-East,nace,https://www.nps.gov/nace/index.htm,DC,"lat:38.8659, long:-76.994",1
307,1E521374-B73C-41CD-B524-89E4AC6495F5,National Mall and Memorial Parks,nama,https://www.nps.gov/nama/index.htm,DC,"lat:38.8899, long:-77.026",18
308,6E71B72E-4F2F-495D-9225-A6634E6C2EB1,National Park of American Samoa,npsa,https://www.nps.gov/npsa/index.htm,AS,"lat:-14.22865935, long:-169.8503777",21
309,186BF51D-FA34-4DD7-A967-233CB32547B8,National Parks of New York Harbor,npnh,https://www.nps.gov/npnh/index.htm,NY,"lat:40.6632, long:-74.0451",37
310,5A4DD23B-8B4F-4212-957E-C59FE4165457,Natural Bridges National Monument,nabr,https://www.nps.gov/nabr/index.htm,UT,"lat:37.6045329, long:-110.0022436",8
311,C4F477D4-D34A-486B-BC6C-94FB2FAA8D67,Navajo National Monument,nava,https://www.nps.gov/nava/index.htm,AZ,"lat:36.71755643, long:-110.5504015",13
312,848DFACA-B486-4BC4-AD71-C834F7713793,New Bedford Whaling National Historical Park,nebe,https://www.nps.gov/nebe/index.htm,MA,"lat:41.63540552, long:-70.92322321",3
313,CF83E09C-3E55-4B5A-9D8B-E833CF6FEB5A,New England National Scenic Trail,neen,https://www.nps.gov/neen/index.htm,"MA,CT","lat:42.2915819137, long:-72.5242767334",8
314,D0F897A0-9545-4901-A1B8-7128E11A51FA,New Jersey Pinelands National Reserve,pine,https://www.nps.gov/pine/index.htm,NJ,"lat:39.9384, long:-74.625",0
315,CB014DE3-3483-4E36-BC35-3CC7E9F60529,New Orleans Jazz National Historical Park,jazz,https://www.nps.gov/jazz/index.htm,LA,"lat:29.96303129, long:-90.06749669",5
316,28F155F2-5116-4E4F-9E21-E8CBCFA5FF49,New River Gorge National Park and Preserve,neri,https://www.nps.gov/neri/index.htm,WV,"lat:37.86878554, long:-80.99956002",46
317,05F2A0A7-317D-4C4F-95D6-F046BE96310C,Nez Perce National Historical Park,nepe,https://www.nps.gov/nepe/index.htm,"ID,MT,OR,WA","lat:46.07019093, long:-115.8761258",18
318,C8E59368-4CCA-4513-B2C5-D055BC0DA491,Nicodemus National Historic Site,nico,https://www.nps.gov/nico/index.htm,KS,"lat:39.39167606, long:-99.61680329",5
319,1291920D-2428-4FEA-9670-7EBC45284A59,Ninety Six National Historic Site,nisi,https://www.nps.gov/nisi/index.htm,SC,"lat:34.14273587, long:-82.01636079",14
320,406594CB-1532-45CD-82EA-0C03FD2F0422,Niobrara National Scenic River,niob,https://www.nps.gov/niob/index.htm,NE,"lat:42.79413083, long:-99.91870646",21
321,C9AA17CC-3152-464A-A9E2-494368086045,Noatak National Preserve,noat,https://www.nps.gov/noat/index.htm,AK,"lat:68.01027053, long:-159.831694",18
322,80EB184D-4B6D-4AD2-B6E2-CAAD6312B27D,North Cascades National Park,noca,https://www.nps.gov/noca/index.htm,WA,"lat:48.71171756, long:-121.2069423",30
323,4BE453C2-6527-484F-90D6-98057901EBDF,North Country National Scenic Trail,noco,https://www.nps.gov/noco/index.htm,"MI,MN,ND,NY,OH,PA,VT,WI","lat:46.334400743, long:-90.8165630499",18
324,EE2565D2-D745-4EF7-8814-21DF448427AD,Obed Wild & Scenic River,obed,https://www.nps.gov/obed/index.htm,TN,"lat:36.1056026037, long:-84.5979170501",15
325,81AFEB37-7119-4BF1-B65B-806BAB973FFD,Ocmulgee Mounds National Historical Park,ocmu,https://www.nps.gov/ocmu/index.htm,GA,"lat:32.83816576, long:-83.60224853",14
326,5837B4BA-86B4-4162-803C-E9DF325D5FC6,Oklahoma City National Memorial,okci,https://www.nps.gov/okci/index.htm,OK,"lat:35.473, long:-97.5171",3
327,8B07C05F-9C4A-4799-8428-DFA2BBB733AC,Old Spanish National Historic Trail,olsp,https://www.nps.gov/olsp/index.htm,"AZ,CA,CO,NV,NM,UT","lat:37.0791782514, long:-112.114693431",6
328,81CFE898-AD06-4C0D-8A9B-C8D356273F0D,Olympic National Park,olym,https://www.nps.gov/olym/index.htm,WA,"lat:47.80392754, long:-123.6663848",54
329,480702B9-E8B5-45A1-ACB4-7B044C13F7A2,Oregon Caves National Monument & Preserve,orca,https://www.nps.gov/orca/index.htm,OR,"lat:42.10319143, long:-123.4018586",25
330,4E072F12-3E85-4219-B456-A8F04C688879,Oregon National Historic Trail,oreg,https://www.nps.gov/oreg/index.htm,"ID,KS,MO,NE,OR,WA,WY","lat:41.9876977831, long:-109.634200841",8
331,8A4FA0D4-A3BE-4AE2-8303-1936D9BA1E29,Organ Pipe Cactus National Monument,orpi,https://www.nps.gov/orpi/index.htm,AZ,"lat:32.03585543, long:-112.8573314",29
332,BAB8E761-8BB9-4DFF-9D38-5D4BA9AB2BD4,Overmountain Victory National Historic Trail,ovvi,https://www.nps.gov/ovvi/index.htm,"NC,SC,TN,VA","lat:35.14044, long:-81.377",4
333,5536A389-5457-4E3F-84E2-D67861BB34D9,Oxon Cove Park & Oxon Hill Farm,oxhi,https://www.nps.gov/oxhi/index.htm,MD,"lat:38.80578214, long:-77.01131457",14
334,CEC2A157-CDDC-4F11-BBE5-0AA2CEA35ADB,Ozark National Scenic Riverways,ozar,https://www.nps.gov/ozar/index.htm,MO,"lat:37.13968894, long:-91.25709817",29
335,7F7E12D2-E295-41D2-8446-BBF5EEF2F8F2,Padre Island National Seashore,pais,https://www.nps.gov/pais/index.htm,TX,"lat:27.05381186, long:-97.35901135",16
336,3E8C5A4D-6302-4E50-9FCC-A9EC7BFBF1D6,Palo Alto Battlefield National Historical Park,paal,https://www.nps.gov/paal/index.htm,TX,"lat:26.02387351, long:-97.46296072",18
337,9604169F-6A23-4E70-937B-3BE7315590F2,Paterson Great Falls National Historical Park,pagr,https://www.nps.gov/pagr/index.htm,NJ,"lat:40.91584645, long:-74.18021494",6
338,58BCDB2B-5A91-4892-8470-76D802313884,Pea Ridge National Military Park,peri,https://www.nps.gov/peri/index.htm,AR,"lat:36.45438033, long:-94.03468357",17
339,0B61230F-375C-4392-BDF0-BB3FC43D2CFE,Pearl Harbor National Memorial,valr,https://www.nps.gov/valr/index.htm,HI,"lat:21.3670699388, long:-157.938578898",7
340,8CBA3879-59AB-4EFE-8523-1DC6F77FB212,Pecos National Historical Park,peco,https://www.nps.gov/peco/index.htm,NM,"lat:35.54192238, long:-105.6814684",14
341,6282ABFA-00EF-413D-BE91-48D993A356F4,Pennsylvania Avenue,paav,https://www.nps.gov/paav/index.htm,DC,"lat:38.89426856, long:-77.02506554",2
342,29329926-4215-4E10-83B8-5CF162A0E3F1,Perry's Victory & International Peace Memorial,pevi,https://www.nps.gov/pevi/index.htm,OH,"lat:41.65449782, long:-82.8115794",22
343,16B99840-35CB-4D14-BB83-136C371EFD2E,Petersburg National Battlefield,pete,https://www.nps.gov/pete/index.htm,VA,"lat:37.19109957, long:-77.47594865",17
344,1ABD0EFF-AC09-4EA1-8CC1-2351A3E160D0,Petrified Forest National Park,pefo,https://www.nps.gov/pefo/index.htm,AZ,"lat:34.98387664, long:-109.7877678",37
345,47CBA521-0A8A-4728-8BDA-85D269455A7A,Petroglyph National Monument,petr,https://www.nps.gov/petr/index.htm,NM,"lat:35.13915998, long:-106.7491456",8
346,8D803E2F-FB28-4DC3-9EDC-7FDAE185C092,Pictured Rocks National Lakeshore,piro,https://www.nps.gov/piro/index.htm,MI,"lat:46.56435642, long:-86.31628733",46
347,9B266961-3364-43D2-9A08-82BB5EF5643F,Pinnacles National Park,pinn,https://www.nps.gov/pinn/index.htm,CA,"lat:36.49029208, long:-121.1813607",26
348,97145E4E-3909-4669-8102-9559F3C405D1,Pipe Spring National Monument,pisp,https://www.nps.gov/pisp/index.htm,AZ,"lat:36.86282666, long:-112.7398567",20
349,932C699A-5680-4EA3-8C62-69A6A7D286C5,Pipestone National Monument,pipe,https://www.nps.gov/pipe/index.htm,MN,"lat:44.01351958, long:-96.32475523",15
350,0477F67A-A350-449F-B001-848F867F2CA2,Piscataway Park,pisc,https://www.nps.gov/pisc/index.htm,MD,"lat:38.6929, long:-77.067",2
351,B87424A7-92C3-49BA-BF16-A2EB16882376,Point Reyes National Seashore,pore,https://www.nps.gov/pore/index.htm,CA,"lat:38.05511241, long:-122.8797804",18
352,A0125F49-080E-4292-BD91-C1FA1657F547,Pony Express National Historic Trail,poex,https://www.nps.gov/poex/index.htm,"CA,CO,KS,MO,NE,NV,UT,WY","lat:42.2365761128, long:-109.266148417",10
353,F26E7620-3284-4F39-AB1B-98100B4AC6A7,Port Chicago Naval Magazine National Memorial,poch,https://www.nps.gov/poch/index.htm,CA,"lat:38.05685472, long:-122.0301603",2
354,B7429C72-D8CA-46D9-8E89-E659259D8EEF,Potomac Heritage National Scenic Trail,pohe,https://www.nps.gov/pohe/index.htm,"DC,MD,PA,VA","lat:39.15060133, long:-77.52301085",34
355,DC9185D6-CCA9-4F40-AE53-5D77DE35E202,Poverty Point National Monument,popo,https://www.nps.gov/popo/index.htm,LA,"lat:32.6424361, long:-91.40829834",4
356,E7C945ED-4224-4539-B2AE-97A5B229FA74,President William Jefferson Clinton Birthplace Home National Historic Site,wicl,https://www.nps.gov/wicl/index.htm,AR,"lat:33.66758356, long:-93.59641868",10
357,C59FE971-54EE-447C-9DCE-CB781949B0B8,President's Park (White House),whho,https://www.nps.gov/whho/index.htm,DC,"lat:38.89541886, long:-77.03654147",9
358,75DD7A23-4BCF-4D11-A407-E282C2417DA4,Presidio of San Francisco,prsf,https://www.nps.gov/prsf/index.htm,CA,"lat:37.797, long:-122.4671",10
359,28ECD546-FD68-4640-8A31-773F7F7A5211,Prince William Forest Park,prwi,https://www.nps.gov/prwi/index.htm,VA,"lat:38.58589108, long:-77.38910997",29
360,36223C80-D2F3-45E3-9C44-BEA58A072985,Pullman National Monument,pull,https://www.nps.gov/pull/index.htm,IL,"lat:41.69429163, long:-87.60873824",7
361,632CA28B-F67C-4BDB-A209-42A8332EE6D0,Puʻuhonua o Hōnaunau National Historical Park,puho,https://www.nps.gov/puho/index.htm,HI,"lat:19.41268627, long:-155.9008789",15
362,9C680E81-C4DC-46DD-BF33-8189828FF887,Puʻukoholā Heiau National Historic Site,puhe,https://www.nps.gov/puhe/index.htm,HI,"lat:20.02772186, long:-155.8211629",13
363,CF02A7E7-147F-4F1C-966B-FE3F2AE28DDC,Rainbow Bridge National Monument,rabr,https://www.nps.gov/rabr/index.htm,UT,"lat:36.9943264317, long:-111.491484759",6
364,31B7A1C7-104D-4D35-BC85-FEFAC3FECEB0,Reconstruction Era National Historical Park,reer,https://www.nps.gov/reer/index.htm,SC,"lat:32.3868598938, long:-80.6511077881",3
365,041B325C-A34F-4027-8E41-1DF3F9A1D799,Redwood National and State Parks,redw,https://www.nps.gov/redw/index.htm,CA,"lat:41.37237268, long:-124.0318129",24
366,3D026091-7EFB-405D-A8F2-D9109DE9740A,Richmond National Battlefield Park,rich,https://www.nps.gov/rich/index.htm,VA,"lat:37.48774472, long:-77.29107785",11
367,E1A636E5-E7AC-4B71-93DE-F1408F65C458,Rio Grande Wild & Scenic River,rigr,https://www.nps.gov/rigr/index.htm,TX,"lat:29.52743158, long:-102.5979169",15
368,0AEC82D5-0D49-492A-9936-DBE44AF69F09,River Raisin National Battlefield Park,rira,https://www.nps.gov/rira/index.htm,MI,"lat:41.91291085, long:-83.37620464",40
369,D06293DF-25C4-4065-B0C7-BA5A225D3BF3,Rock Creek Park,rocr,https://www.nps.gov/rocr/index.htm,DC,"lat:38.95125063, long:-77.05002838",29
370,67A56B17-F533-4A56-B2DA-26091C6AD295,Rocky Mountain National Park,romo,https://www.nps.gov/romo/index.htm,CO,"lat:40.3556924, long:-105.6972879",29
371,0419867F-20D9-49CF-BC42-88F5A70AD32D,Roger Williams National Memorial,rowi,https://www.nps.gov/rowi/index.htm,RI,"lat:41.8298955, long:-71.41056665",12
372,05106DE8-D6F2-4088-9834-79462FBDDA21,Roosevelt Campobello International Park,roca,https://www.nps.gov/roca/index.htm,ME,"lat:44.8736, long:-66.9621",1
373,69F87C0F-AABE-4C34-97D3-F6DF33ACD772,Rosie the Riveter WWII Home Front National Historical Park,rori,https://www.nps.gov/rori/index.htm,CA,"lat:37.90999027, long:-122.360156",6
374,FDD929A5-1D56-41DD-8A04-5FF77023340C,Russell Cave National Monument,ruca,https://www.nps.gov/ruca/index.htm,AL,"lat:34.97402063, long:-85.81560314",11
375,BA5A0D58-E05F-44AE-94F1-10A88A4AF143,Sagamore Hill National Historic Site,sahi,https://www.nps.gov/sahi/index.htm,NY,"lat:40.88579128, long:-73.49686438",26
376,A6F169CF-B830-499C-A5EB-A35138C77589,Saguaro National Park,sagu,https://www.nps.gov/sagu/index.htm,AZ,"lat:32.20909636, long:-110.7574974",12
377,57B2D95A-6D3E-49D6-BF73-623D6BD33D06,Saint Croix Island International Historic Site,sacr,https://www.nps.gov/sacr/index.htm,ME,"lat:45.12858838, long:-67.13363651",3
378,5CB26B91-B888-46E0-95E1-0683A63C45B0,Saint Croix National Scenic Riverway,sacn,https://www.nps.gov/sacn/index.htm,"WI,MN","lat:45.70019235, long:-92.36126685",21
379,7E946FDE-C454-4361-98A5-F60158B42770,Saint Paul's Church National Historic Site,sapa,https://www.nps.gov/sapa/index.htm,NY,"lat:40.89283511, long:-73.82577276",9
380,0FC25325-87AA-4325-A6B7-C404D94B16DB,Saint-Gaudens National Historical Park,saga,https://www.nps.gov/saga/index.htm,NH,"lat:43.4997238, long:-72.37333969",32
381,3C5998C3-F130-4E4C-8BA4-C1B25E728CE0,Salem Maritime National Historic Site,sama,https://www.nps.gov/sama/index.htm,MA,"lat:42.52024529, long:-70.88640867",5
382,4E7F8D4B-68EC-4A1B-BB71-0A295EB08557,Salinas Pueblo Missions National Monument,sapu,https://www.nps.gov/sapu/index.htm,NM,"lat:34.35423203, long:-106.2050309",15
383,E84CCC52-A22F-42D6-86F1-198D818C25DD,Salt River Bay National Historical Park and Ecological Preserve,sari,https://www.nps.gov/sari/index.htm,VI,"lat:17.77908602, long:-64.75519348",7
384,CCE1AD17-9B13-4D74-9CAC-0278D5477316,San Antonio Missions National Historical Park,saan,https://www.nps.gov/saan/index.htm,TX,"lat:29.31262089, long:-98.4289522",20
385,C75450D2-9223-4D5F-9BA4-28DBB92CD507,San Francisco Maritime National Historical Park,safr,https://www.nps.gov/safr/index.htm,CA,"lat:37.81005871, long:-122.4244415",19
386,63A8DCC0-0A62-4164-BF0B-51F6369B9E8B,San Juan Island National Historical Park,sajh,https://www.nps.gov/sajh/index.htm,WA,"lat:48.51241933, long:-123.0610277",24
387,2E4D4918-95DF-4D99-9DEC-C6ADEB330281,San Juan National Historic Site,saju,https://www.nps.gov/saju/index.htm,PR,"lat:18.46873857, long:-66.11848623",10
388,13E255FA-F68C-491C-828C-59E5B4FA2600,Sand Creek Massacre National Historic Site,sand,https://www.nps.gov/sand/index.htm,CO,"lat:38.56414189, long:-102.5169542",6
389,2B14155F-0E31-43F3-8B87-8B1DA6FA0BF7,Santa Fe National Historic Trail,safe,https://www.nps.gov/safe/index.htm,"CO,KS,MO,NM,OK","lat:37.7276522226, long:-99.921969227",9
390,6E020F5D-3F97-4A43-88E6-C68254B55F2C,Santa Monica Mountains National Recreation Area,samo,https://www.nps.gov/samo/index.htm,CA,"lat:34.09777606, long:-118.7708619",15
391,3D0F91B3-E847-4F75-9028-D26D269438F5,Saratoga National Historical Park,sara,https://www.nps.gov/sara/index.htm,NY,"lat:42.99522612, long:-73.63386108",31
392,A83EFD38-9FCF-4996-A957-FE416A8C6B6D,Saugus Iron Works National Historic Site,sair,https://www.nps.gov/sair/index.htm,MA,"lat:42.46830664, long:-71.0076953",6
393,48ED0744-7B8A-4FFD-BEFC-C4AC22A7D649,Scotts Bluff National Monument,scbl,https://www.nps.gov/scbl/index.htm,NE,"lat:41.83464193, long:-103.7071351",4
394,F5676388-94E5-45D2-8A51-344C825F5C12,Selma To Montgomery National Historic Trail,semo,https://www.nps.gov/semo/index.htm,AL,"lat:32.27082092, long:-86.72823702",9
395,7E5A693C-2F63-44FD-B791-31FC8B8B6285,Sequoia & Kings Canyon National Parks,seki,https://www.nps.gov/seki/index.htm,CA,"lat:36.71277299, long:-118.587429",39
396,E991C8BC-C203-4A09-AFD5-87380CF5C387,Shenandoah National Park,shen,https://www.nps.gov/shen/index.htm,VA,"lat:38.49236644, long:-78.46907715",27
397,B6E3A992-3217-4BC0-AC64-A699B45971CA,Shiloh National Military Park,shil,https://www.nps.gov/shil/index.htm,"TN,MS","lat:35.13850907, long:-88.3421072",20
398,6258CAD9-1932-4A40-8FA1-891C51978345,Sitka National Historical Park,sitk,https://www.nps.gov/sitk/index.htm,AK,"lat:57.04718173, long:-135.3156876",16
399,739AFEBE-BF00-4A3E-A369-85E74F6E6739,Sleeping Bear Dunes National Lakeshore,slbe,https://www.nps.gov/slbe/index.htm,MI,"lat:44.92844962, long:-86.02706591",22
400,E01A7425-C74B-4E71-853D-681AD2FB948A,Springfield Armory National Historic Site,spar,https://www.nps.gov/spar/index.htm,MA,"lat:42.1086368, long:-72.57967415",8
401,F22ED7C4-DDB8-43F8-AAF2-D474864352DA,Star-Spangled Banner National Historic Trail,stsp,https://www.nps.gov/stsp/index.htm,"MD,VA,DC","lat:39.2872505188, long:-76.6034317017",22
402,6E3608BE-63AA-4379-A543-97D2FCBF12F1,Statue Of Liberty National Monument,stli,https://www.nps.gov/stli/index.htm,NY,"lat:40.6898, long:-74.0451",11
403,EDD278F5-E9A8-4A40-BA41-9809ED8E025D,Ste. Geneviève National Historical Park,stge,https://www.nps.gov/stge/index.htm,MO,"lat:37.9792171421179, long:-90.0432157516479",5
404,3BF9BCEE-F6AE-4DEC-8F80-9CD23C0767BE,Steamtown National Historic Site,stea,https://www.nps.gov/stea/index.htm,PA,"lat:41.40757521, long:-75.67037255",11
405,89157226-8474-4BAE-B471-F1730993A468,Stones River National Battlefield,stri,https://www.nps.gov/stri/index.htm,TN,"lat:35.87608652, long:-86.43078399",22
406,E65E7D88-D280-4B41-B700-BF1DC219BA38,Stonewall National Monument,ston,https://www.nps.gov/ston/index.htm,NY,"lat:40.7337799072, long:-74.0006866455",3
407,52911672-4464-4569-984C-DC6DE1EE208F,Sunset Crater Volcano National Monument,sucr,https://www.nps.gov/sucr/index.htm,AZ,"lat:35.37114323, long:-111.510376",9
408,76F87FF4-4BAD-453E-8013-2DA8924A5D94,Tallgrass Prairie National Preserve,tapr,https://www.nps.gov/tapr/index.htm,KS,"lat:38.44023613, long:-96.5670822",20
409,2CA10B86-DCA3-456F-8C9A-A3A6C9288573,Thaddeus Kosciuszko National Memorial,thko,https://www.nps.gov/thko/index.htm,PA,"lat:39.94345312, long:-75.14732045",3
410,B32A4A36-E7CC-4A93-97DB-3F48565D2DA4,Theodore Roosevelt Birthplace National Historic Site,thrb,https://www.nps.gov/thrb/index.htm,NY,"lat:40.7386469, long:-73.98903703",6
411,B4AEC074-8652-4B0A-8963-4CD60ECA2349,Theodore Roosevelt Inaugural National Historic Site,thri,https://www.nps.gov/thri/index.htm,NY,"lat:42.90146781, long:-78.87248411",10
412,42D7081F-2B9B-449C-9BF2-785850AE4865,Theodore Roosevelt Island,this,https://www.nps.gov/this/index.htm,DC,"lat:38.89584162, long:-77.06241918",8
413,B5FE5682-7981-47DD-AC96-13F4B33A466E,Theodore Roosevelt National Park,thro,https://www.nps.gov/thro/index.htm,ND,"lat:47.17777274, long:-103.4300083",28
414,FE5E320D-BFCC-41EE-8113-BFEA9D6CA8CD,Thomas Cole National Historic Site,thco,https://www.nps.gov/thco/index.htm,NY,"lat:42.22570607, long:-73.86154864",6
415,BFE248C8-40CD-4DC8-AC07-AE61A0D81FF3,Thomas Edison National Historical Park,edis,https://www.nps.gov/edis/index.htm,NJ,"lat:40.78549896, long:-74.23821139",3
416,2D0C31DF-BE78-42A8-812E-1A44602B3D40,Thomas Jefferson Memorial,thje,https://www.nps.gov/thje/index.htm,DC,"lat:38.88101431, long:-77.03632572",3
417,DD9075B8-4AC2-4FA4-83F4-A08DFD705C25,Thomas Stone National Historic Site,thst,https://www.nps.gov/thst/index.htm,MD,"lat:38.52934443, long:-77.037813",6
418,26FBF456-94A2-413C-87D9-DDBCD96815FA,Timpanogos Cave National Monument,tica,https://www.nps.gov/tica/index.htm,UT,"lat:40.44039719, long:-111.7093944",4
419,A1C5A868-68A9-4403-B762-531EBA300E3C,Timucuan Ecological & Historic Preserve,timu,https://www.nps.gov/timu/index.htm,FL,"lat:30.47251894, long:-81.49950104",26
420,69C5BC24-3065-401D-86C2-3FAC411E1327,Tonto National Monument,tont,https://www.nps.gov/tont/index.htm,AZ,"lat:33.64842945, long:-111.1135627",12
421,5216C131-B847-4A97-ACF1-4864714007FF,Touro Synagogue National Historic Site,tosy,https://www.nps.gov/tosy/index.htm,RI,"lat:41.4893, long:-71.3121",3
422,07A92FEB-682E-4895-8070-3323BC6F9EF7,Trail Of Tears National Historic Trail,trte,https://www.nps.gov/trte/index.htm,"AL,AR,GA,IL,KY,MO,NC,OK,TN","lat:36.0530021046, long:-89.6761041963",7
423,C315119F-1597-4C44-A8FA-60D707730FF0,Tule Lake National Monument,tule,https://www.nps.gov/tule/index.htm,CA,"lat:41.88727902, long:-121.3744818",6
424,A576B9F9-5C0A-453C-8DB0-939883FFA57A,Tule Springs Fossil Beds National Monument,tusk,https://www.nps.gov/tusk/index.htm,NV,"lat:36.3893217, long:-115.3202223",14
425,59E30CB1-C2C3-4444-BCA9-29B0FE16DCCD,Tumacácori National Historical Park,tuma,https://www.nps.gov/tuma/index.htm,AZ,"lat:31.567824, long:-111.051223",21
426,0C7D40DF-85BC-439E-BE58-34E11C1D4095,Tupelo National Battlefield,tupe,https://www.nps.gov/tupe/index.htm,MS,"lat:34.25557705, long:-88.73708623",2
427,5AAB8CB5-2F62-4BD7-82D1-E19963FA94C1,Tuskegee Airmen National Historic Site,tuai,https://www.nps.gov/tuai/index.htm,AL,"lat:32.45538671, long:-85.67983321",4
428,3A9B0972-7F97-4F8C-9B44-A5FA8DEB1AC1,Tuskegee Institute National Historic Site,tuin,https://www.nps.gov/tuin/index.htm,AL,"lat:32.42962115, long:-85.70488498",3
429,64B7871C-C058-45BA-BB7C-D3EAD50B23E8,Tuzigoot National Monument,tuzi,https://www.nps.gov/tuzi/index.htm,AZ,"lat:34.77296377, long:-112.0279069",9
430,89303609-703C-43CB-BA65-5BB96C3698C2,Ulysses S Grant National Historic Site,ulsg,https://www.nps.gov/ulsg/index.htm,MO,"lat:38.55182374, long:-90.35169255",12
431,09812D3A-1E2B-4402-9ABC-31C79BCB9F6B,Upper Delaware Scenic & Recreational River,upde,https://www.nps.gov/upde/index.htm,"NY,PA","lat:41.66172578, long:-75.03861562",5
432,8908E0CA-3603-4578-B957-837F9813E6D5,Valles Caldera National Preserve,vall,https://www.nps.gov/vall/index.htm,NM,"lat:35.91682872, long:-106.5195724",32
433,41813A9C-A947-4078-9DAA-4CE952F4E512,Valley Forge National Historical Park,vafo,https://www.nps.gov/vafo/index.htm,PA,"lat:40.10054985, long:-75.44581889",18
434,C200ADA5-F162-4D77-A820-950E13925129,Vanderbilt Mansion National Historic Site,vama,https://www.nps.gov/vama/index.htm,NY,"lat:41.79697937, long:-73.94205557",10
435,45408368-12DB-4950-92A8-E26AC85E3724,Vicksburg National Military Park,vick,https://www.nps.gov/vick/index.htm,"MS,LA","lat:32.3621286, long:-90.85030186",17
436,DFCBAD2C-0B0A-47E8-9C3C-BF55BB3409B2,Vietnam Veterans Memorial,vive,https://www.nps.gov/vive/index.htm,DC,"lat:38.89096297, long:-77.04765735",3
437,B2178CA4-35DE-4827-9B7A-B25FAAE1E69B,Virgin Islands Coral Reef National Monument,vicr,https://www.nps.gov/vicr/index.htm,VI,"lat:18.28996918, long:-64.70683395",15
438,C65070FE-942C-4E00-8C2B-64CA33C85B4A,Virgin Islands National Park,viis,https://www.nps.gov/viis/index.htm,VI,"lat:18.34279656, long:-64.74194451",31
439,859727CB-2812-40DF-B8DB-D4AE9EA00089,Voyageurs National Park,voya,https://www.nps.gov/voya/index.htm,MN,"lat:48.48370609, long:-92.8382913",48
440,46CA5FAF-2AEE-4795-B609-8CB81F9FBBEC,Waco Mammoth National Monument,waco,https://www.nps.gov/waco/index.htm,TX,"lat:31.60465887, long:-97.17606143",2
441,8DFC9C19-FF0A-4B48-A34F-FD3D02BFE100,Walnut Canyon National Monument,waca,https://www.nps.gov/waca/index.htm,AZ,"lat:35.16822994, long:-111.5024239",6
442,D44FE5CB-71B4-4B7C-A52A-41BE9D9211B3,War In The Pacific National Historical Park,wapa,https://www.nps.gov/wapa/index.htm,GU,"lat:13.43795691, long:144.6922461",3
443,37E34290-2E37-4A67-8C95-7A3442F354B1,Washington Monument,wamo,https://www.nps.gov/wamo/index.htm,DC,"lat:38.88948, long:-77.035207",5
444,3D547E73-F0BF-4FEA-9CAC-9611D024E2FF,Washington-Rochambeau Revolutionary Route National Historic Trail,waro,https://www.nps.gov/waro/index.htm,"MA,RI,CT,NY,NJ,PA,DE,MD,VA,DC","lat:40.0958204557, long:-74.8563515109",0
445,BE27CCA2-1ECA-4A6A-90E7-8EB38029FEF3,Washita Battlefield National Historic Site,waba,https://www.nps.gov/waba/index.htm,OK,"lat:35.62083963, long:-99.70445143",14
446,EA86FED8-2E03-467A-A8BD-4F032A647F35,Weir Farm National Historical Park,wefa,https://www.nps.gov/wefa/index.htm,CT,"lat:41.25886268, long:-73.45452542",13
447,89730CB2-BB7D-400B-AF35-5F95A574D97D,Whiskeytown National Recreation Area,whis,https://www.nps.gov/whis/index.htm,CA,"lat:40.61359941, long:-122.6022657",44
448,32D2B528-193E-43FA-BF38-32493D9E317D,White Sands National Park,whsa,https://www.nps.gov/whsa/index.htm,NM,"lat:32.77907858, long:-106.3333461",11
449,10505DA0-A627-47EA-8533-5C67C3B2AF15,Whitman Mission National Historic Site,whmi,https://www.nps.gov/whmi/index.htm,WA,"lat:46.04119286, long:-118.4629388",15
450,8CB65BC9-2A9D-4AA0-A5E2-B64E9CDA1575,William Howard Taft National Historic Site,wiho,https://www.nps.gov/wiho/index.htm,OH,"lat:39.11970352, long:-84.50758951",7
451,2067FAB2-41D4-43DF-8142-9B1FC40AFDFC,Wilson's Creek National Battlefield,wicr,https://www.nps.gov/wicr/index.htm,MO,"lat:37.1000127, long:-93.40986704",26
452,37C48EE0-2881-4D22-8F91-A249AE3B0CD0,Wind Cave National Park,wica,https://www.nps.gov/wica/index.htm,SD,"lat:43.58012365, long:-103.4394709",25
453,CEC8BD62-9229-4455-ABE8-F4310F4AB623,Wing Luke Museum Affiliated Area,wing,https://www.nps.gov/wing/index.htm,WA,"lat:47.59820859, long:-122.3228912",6
454,72F41D84-A8ED-47FC-935A-2FD28C3C582E,Wolf Trap National Park for the Performing Arts,wotr,https://www.nps.gov/wotr/index.htm,VA,"lat:38.93854526, long:-77.265089",8
455,09689FA5-2147-4BF2-935C-AE92AB85A2E5,Women's Rights National Historical Park,wori,https://www.nps.gov/wori/index.htm,NY,"lat:42.90817073, long:-76.81655558",4
456,3B4879C9-E8D3-4B0C-9F6D-8345FAA298A6,World War I Memorial,wwim,https://www.nps.gov/wwim/index.htm,DC,"lat:38.8959, long:-77.0329",2
457,F85AF8D0-1B85-4B2C-9356-840A4AF6A354,World War II Memorial,wwii,https://www.nps.gov/wwii/index.htm,DC,"lat:38.88923917, long:-77.0403759",3
458,B7944940-3FE5-4F9B-80AB-2FD78A4CDD48,Wrangell - St Elias National Park & Preserve,wrst,https://www.nps.gov/wrst/index.htm,AK,"lat:61.4182147, long:-142.6028439",46
459,E2AE772D-7A2B-49CC-9AFA-E8F068506B22,Wright Brothers National Memorial,wrbr,https://www.nps.gov/wrbr/index.htm,NC,"lat:36.01637713, long:-75.66997163",5
460,686C8EC8-5487-43B9-B5E8-FCABD56227F0,Wupatki National Monument,wupa,https://www.nps.gov/wupa/index.htm,AZ,"lat:35.55741077, long:-111.3957216",20
461,F58C6D24-8D10-4573-9826-65D42B8B83AD,Yellowstone National Park,yell,https://www.nps.gov/yell/index.htm,"ID,MT,WY","lat:44.59824417, long:-110.5471695",53
462,D09FF0F8-B16E-4D2B-9C37-03202D6B8176,Yorktown Battlefield Part of Colonial National Historical Park,york,https://www.nps.gov/york/index.htm,VA,"lat:37.2195, long:-76.4983",21
463,4324B2B4-D1A3-497F-8E6B-27171FAE4DB2,Yosemite National Park,yose,https://www.nps.gov/yose/index.htm,CA,"lat:37.84883288, long:-119.5571873",33
464,9854D136-AFC0-4966-BB40-FE9323B56A49,Yucca House National Monument,yuho,https://www.nps.gov/yuho/index.htm,CO,"lat:37.24778944, long:-108.6861274",2
465,6F550E4D-AE26-4250-A674-397E2DF88092,Yukon - Charley Rivers National Preserve,yuch,https://www.nps.gov/yuch/index.htm,AK,"lat:65.0935608, long:-142.7960021",20
466,41BAB8ED-C95F-447D-9DA1-FCC4E4D808B2,Zion National Park,zion,https://www.nps.gov/zion/index.htm,UT,"lat:37.29839254, long:-113.0265138",22
